safra,year,area_kha,yield_kg_ha,production_kt
1976/77,1976,6949,1747.7335,12145
1977/78,1977,7780,1250.1285,9726
1978/79,1978,8151,1251.3802,10200
1979/80,1979,8755.9,1700.2707,14887.4
1980/81,1980,8693.4,1781.2133,15484.8
1981/82,1981,8393.2,1535.8743,12890.9
1982/83,1982,8412,1727.6391,14532.9
1983/84,1983,9162.9,1674.197,15340.5
1984/85,1984,10074,1807.7725,18211.5
1985/86,1985,9644.4,1369.4476,13207.5
1986/87,1986,9221.7,1851.2313,17071.5
1987/88,1987,10706.6,1693.0678,18127
1988/89,1988,12252.8,1952.9577,23929.2
1989/90,1989,11551.4,1740.1614,20101.3
1990/91,1990,9742.5,1580,15394.5
1991/92,1991,9582.2,2027,19418.6
1992/93,1992,10717,2150,23042.1
1993/94,1993,11501.7,2179,25059.2
1994/95,1994,11678.7,2221,25934.1
1995/96,1995,10663.2,2175,23189.7
1996/97,1996,11381.3,2299,26160
1997/98,1997,13157.9,2384,31369.9
1998/99,1998,12995.2,2367,30765
1999/00,1999,13507.8,2395,32344.6
2000/01,2000,13969.8,2751,38431.8
2001/02,2001,16329,2567,41916.9
2002/03,2002,18474.8,2816,52017.5
2003/04,2003,21375.8,2329,49792.7
2004/05,2004,23301.1,2245,52304.6
2005/06,2005,22749.4,2419,55027.1
2006/07,2006,20686.8,2822.6608,58391.8
2007/08,2007,21313.1,2816,60017.7
2008/09,2008,21743.1,2629,57165.5
2009/10,2009,23467.9,2927,68688.2
2010/11,2010,24181,3115,75324.3
2011/12,2011,25042.2,2651,66383
2012/13,2012,27736.1,2938.3886,81499.4
2013/14,2013,30173.1,2855.9477,86172.7943
2014/15,2014,32092.9,3025.4032,97093.961
2015/16,2015,33251.9,2877.959,95697.6048
2016/17,2016,33909.4,3392.1766,115026.6718
2017/18,2017,35149.2,3506.7245,123258.9
2018/19,2018,35874,3337.1764,119718.1
2019/20,2019,37361.6,3382.4448,126373.8
2020/21,2020,39762,3525.0923,140179.3
2021/22,2021,41793.8,3130.3393,130828.7
2022/23,2022,44514.745,3575.3122,159154.3
2023/24,2023,46095.9,3281.9275,151283.4
2024/25,2024,47346.1,3621.8459,171480.5
2025/26,2025,48608.6,3711.4147,180406.6
