week_ending,ge_pct,vp_pct,planted_pct,harvested_pct
2018-04-22,,,2,
2018-04-29,,,5,
2018-05-06,,,15,
2018-05-13,,,35,
2018-05-20,,,56,
2018-05-27,,,77,
2018-06-03,75,4,87,
2018-06-10,74,4,93,
2018-06-17,73,5,97,
2018-06-24,73,5,,
2018-07-01,71,6,,
2018-07-08,71,7,,
2018-07-15,69,8,,
2018-07-22,70,8,,
2018-07-29,70,8,,
2018-08-05,67,10,,
2018-08-12,66,10,,
2018-08-19,65,11,,
2018-08-26,66,11,,
2018-09-02,66,11,,
2018-09-09,68,10,,
2018-09-16,67,10,,6
2018-09-23,68,10,,14
2018-09-30,68,10,,23
2018-10-07,68,10,,32
2018-10-14,66,11,,38
2018-10-21,66,11,,53
2018-10-28,,,,72
2018-11-04,,,,83
2018-11-11,,,,88
2018-11-18,,,,91
2018-11-25,,,,94
2019-04-21,,,1,
2019-04-28,,,3,
2019-05-05,,,6,
2019-05-12,,,9,
2019-05-19,,,19,
2019-05-26,,,29,
2019-06-02,,,39,
2019-06-09,,,60,
2019-06-16,,,77,
2019-06-23,54,10,85,
2019-06-30,54,11,92,
2019-07-07,53,12,96,
2019-07-14,54,12,,
2019-07-21,54,12,,
2019-07-28,54,13,,
2019-08-04,54,13,,
2019-08-11,54,13,,
2019-08-18,53,14,,
2019-08-25,55,13,,
2019-09-01,55,13,,
2019-09-08,55,12,,
2019-09-15,54,14,,
2019-09-22,54,13,,
2019-09-29,55,13,,7
2019-10-06,53,15,,14
2019-10-13,54,14,,26
2019-10-20,54,14,,46
2019-10-27,,,,62
2019-11-03,,,,75
2019-11-10,,,,85
2019-11-17,,,,91
2019-11-24,,,,94
2020-04-19,,,2,
2020-04-26,,,8,
2020-05-03,,,23,
2020-05-10,,,38,
2020-05-17,,,53,
2020-05-24,,,65,
2020-05-31,70,4,75,
2020-06-07,72,4,86,
2020-06-14,72,4,93,
2020-06-21,70,5,96,
2020-06-28,71,5,,
2020-07-05,71,5,,
2020-07-12,68,7,,
2020-07-19,69,7,,
2020-07-26,72,6,,
2020-08-02,73,6,,
2020-08-09,74,5,,
2020-08-16,72,7,,
2020-08-23,69,8,,
2020-08-30,66,10,,
2020-09-06,65,10,,
2020-09-13,63,11,,
2020-09-20,63,10,,6
2020-09-27,64,10,,20
2020-10-04,64,10,,38
2020-10-11,63,11,,61
2020-10-18,,,,75
2020-10-25,,,,83
2020-11-01,,,,87
2020-11-08,,,,92
2020-11-15,,,,96
2021-04-18,,,3,
2021-04-25,,,8,
2021-05-02,,,24,
2021-05-09,,,42,
2021-05-16,,,61,
2021-05-23,,,75,
2021-05-30,,,84,
2021-06-06,67,6,90,
2021-06-13,62,8,94,
2021-06-20,60,9,97,
2021-06-27,60,9,,
2021-07-04,59,11,,
2021-07-11,59,11,,
2021-07-18,60,11,,
2021-07-25,58,12,,
2021-08-01,60,12,,
2021-08-08,60,13,,
2021-08-15,57,15,,
2021-08-22,56,16,,
2021-08-29,56,15,,
2021-09-05,57,14,,
2021-09-12,57,14,,
2021-09-19,58,14,,6
2021-09-26,58,14,,16
2021-10-03,58,14,,34
2021-10-10,59,14,,49
2021-10-17,,,,60
2021-10-24,,,,73
2021-10-31,,,,79
2021-11-07,,,,87
2021-11-14,,,,92
2021-11-21,,,,95
2022-04-17,,,1,
2022-04-24,,,3,
2022-05-01,,,8,
2022-05-08,,,12,
2022-05-15,,,30,
2022-05-22,,,50,
2022-05-29,,,66,
2022-06-05,,,78,
2022-06-12,70,5,88,
2022-06-19,68,6,94,
2022-06-26,65,8,98,
2022-07-03,63,9,,
2022-07-10,62,9,,
2022-07-17,61,10,,
2022-07-24,59,11,,
2022-07-31,60,11,,
2022-08-07,59,11,,
2022-08-14,58,12,,
2022-08-21,57,13,,
2022-08-28,57,13,,
2022-09-04,57,14,,
2022-09-11,56,15,,
2022-09-18,55,15,,3
2022-09-25,55,15,,8
2022-10-02,55,16,,22
2022-10-09,57,15,,44
2022-10-16,57,15,,63
2022-10-23,,,,80
2022-10-30,,,,88
2022-11-06,,,,94
2022-11-13,,,,96
2023-04-16,,,4,
2023-04-23,,,9,
2023-04-30,,,19,
2023-05-07,,,35,
2023-05-14,,,49,
2023-05-21,,,66,
2023-05-28,,,83,
2023-06-04,62,7,91,
2023-06-11,59,9,96,
2023-06-18,54,12,,
2023-06-25,51,14,,
2023-07-02,50,15,,
2023-07-09,51,15,,
2023-07-16,55,13,,
2023-07-23,54,14,,
2023-07-30,52,15,,
2023-08-06,54,14,,
2023-08-13,59,12,,
2023-08-20,59,13,,
2023-08-27,58,14,,
2023-09-03,53,17,,
2023-09-10,52,18,,
2023-09-17,52,18,,5
2023-09-24,50,18,,12
2023-10-01,52,17,,23
2023-10-08,51,18,,43
2023-10-15,52,18,,62
2023-10-22,,,,76
2023-10-29,,,,85
2023-11-05,,,,91
2023-11-12,,,,95
2024-04-14,,,3,
2024-04-21,,,8,
2024-04-28,,,18,
2024-05-05,,,25,
2024-05-12,,,35,
2024-05-19,,,52,
2024-05-26,,,68,
2024-06-02,,,78,
2024-06-09,72,4,87,
2024-06-16,70,5,93,
2024-06-23,67,8,97,
2024-06-30,67,8,,
2024-07-07,68,8,,
2024-07-14,68,8,,
2024-07-21,68,8,,
2024-07-28,67,8,,
2024-08-04,68,8,,
2024-08-11,68,8,,
2024-08-18,68,8,,
2024-08-25,67,9,,
2024-09-01,65,10,,
2024-09-08,65,10,,
2024-09-15,64,11,,6
2024-09-22,64,11,,13
2024-09-29,64,11,,26
2024-10-06,63,11,,47
2024-10-13,,,,67
2024-10-20,,,,81
2024-10-27,,,,89
2024-11-03,,,,94
2024-11-10,,,,96
2025-04-13,,,2,
2025-04-20,,,8,
2025-04-27,,,18,
2025-05-04,,,30,
2025-05-11,,,48,
2025-05-18,,,66,
2025-05-25,,,76,
2025-06-01,67,5,84,
2025-06-08,68,5,90,
2025-06-15,66,7,93,
2025-06-22,66,7,96,
2025-06-29,66,7,,
2025-07-06,66,7,,
2025-07-13,70,5,,
2025-07-20,68,7,,
2025-07-27,70,6,,
2025-08-03,69,7,,
2025-08-10,68,7,,
2025-08-17,68,8,,
2025-08-24,69,8,,
2025-08-31,65,10,,
2025-09-07,64,10,,
2025-09-14,63,11,,5
2025-09-21,61,12,,9
2025-09-28,62,11,,19
2025-11-16,,,,95
2026-04-12,,,6,
2026-04-19,,,12,
2026-04-26,,,23,
2026-05-03,,,33,
2026-05-10,,,49,
2026-05-17,,,67,
2026-05-24,,,79,
2026-05-31,66,5,87,
2026-06-07,65,6,92,
2026-06-14,66,6,95,
2026-06-21,66,6,,
2026-06-28,65,8,,
2026-07-05,64,8,,
2026-07-12,65,8,,
2026-07-19,66,8,,
2026-07-26,63,9,,
2026-08-02,63,9,,
2026-08-09,62,10,,
2026-08-16,61,10,,
2026-08-23,60,12,,
2026-08-30,58,13,,
2026-09-06,58,13,,
2026-09-13,58,13,,6
2026-09-20,58,14,,12
2026-09-27,58,13,,17
2026-10-04,57,14,,25
