my_label,my_code,week_ending,week_index,crush_margin_usd_bu,oil_cent_lb,meal_usd_ton,bean_usd_bu,oil_yield_lb,meal_yield_lb
2019/20,2020,2020-01-03,1,1.68,35.24,304.6,9.59,11.88,46.5
2019/20,2020,2020-01-09,2,1.63,34.52,301.3,9.48,11.88,46.5
2019/20,2020,2020-01-16,3,1.62,32.91,301.1,9.29,11.88,46.5
2019/20,2020,2020-01-23,4,1.67,32.36,299.9,9.15,11.88,46.5
2019/20,2020,2020-01-31,5,1.6,30.51,292.5,8.82,11.88,46.5
2019/20,2020,2020-02-06,6,1.57,31.37,289.2,8.89,11.88,46.5
2019/20,2020,2020-02-13,7,1.41,30.67,292.9,9.05,11.88,46.5
2019/20,2020,2020-02-20,8,1.48,30.02,299.8,9.05,11.88,46.5
2019/20,2020,2020-02-27,9,1.53,28.96,305.1,9.0,11.88,46.5
2019/20,2020,2020-03-05,10,1.55,29.47,305.4,9.05,11.88,46.5
2019/20,2020,2020-03-12,11,1.52,26.38,304.3,8.69,11.88,46.5
2019/20,2020,2020-03-19,12,1.84,25.43,316.3,8.54,11.88,46.5
2019/20,2020,2020-03-26,13,1.78,26.33,324.4,8.89,11.88,46.5
2019/20,2020,2020-04-02,14,1.64,26.07,310.6,8.68,11.88,46.5
2019/20,2020,2020-04-09,15,1.34,27.24,294.0,8.74,11.88,46.5
2019/20,2020,2020-04-23,16,1.24,24.91,292.1,8.51,11.88,46.5
2019/20,2020,2020-04-30,17,1.29,25.45,296.6,8.63,11.88,46.5
2019/20,2020,2020-05-07,18,1.18,24.86,289.6,8.51,11.88,46.5
2019/20,2020,2020-05-14,19,1.25,24.78,289.7,8.43,11.88,46.5
2019/20,2020,2020-05-21,20,1.25,25.59,283.85,8.39,11.88,46.5
2019/20,2020,2020-05-28,21,1.19,25.87,285.8,8.53,11.88,46.5
2019/20,2020,2020-06-04,22,1.2,26.82,291.3,8.76,11.88,46.5
2019/20,2020,2020-06-11,23,1.14,26.15,291.2,8.74,11.88,46.5
2019/20,2020,2020-06-19,24,1.1,26.71,290.3,8.82,11.88,46.5
2019/20,2020,2020-06-25,25,1.07,26.19,288.5,8.75,11.88,46.5
2019/20,2020,2020-07-02,26,1.17,27.22,296.7,8.96,11.88,46.5
2019/20,2020,2020-07-09,27,1.18,27.44,297.8,9.0,11.88,46.5
2019/20,2020,2020-07-17,28,1.32,29.1,287.5,8.82,11.88,46.5
2019/20,2020,2020-07-23,29,1.26,29.62,290.9,9.02,11.88,46.5
2019/20,2020,2020-07-30,30,1.44,29.87,292.0,8.9,11.88,46.5
2019/20,2020,2020-08-06,31,1.56,31.65,282.2,8.76,11.88,46.5
2019/20,2020,2020-08-13,32,1.53,31.66,291.6,9.02,11.88,46.5
2019/20,2020,2020-08-20,33,1.46,31.73,292.8,9.12,11.88,46.5
2019/20,2020,2020-08-27,34,1.53,34.69,295.7,9.47,11.88,46.5
2020/21,2021,2020-09-03,1,1.53,34.67,305.6,9.7,11.88,46.5
2020/21,2021,2020-09-10,2,1.38,33.66,310.7,9.84,11.88,46.5
2020/21,2021,2020-09-17,3,1.53,35.41,328.4,10.31,11.88,46.5
2020/21,2021,2020-09-24,4,1.56,32.86,329.5,10.0,11.88,46.5
2020/21,2021,2020-10-01,5,1.8,33.05,346.9,10.2,11.88,46.5
2020/21,2021,2020-10-08,6,1.88,33.63,358.6,10.45,11.88,46.5
2020/21,2021,2020-10-15,7,2.13,33.8,371.1,10.51,11.88,46.5
2020/21,2021,2020-10-22,8,2.21,34.32,381.4,10.74,11.88,46.5
2020/21,2021,2020-10-29,9,2.2,34.06,375.9,10.59,11.88,46.5
2020/21,2021,2020-11-05,10,2.32,36.22,385.8,10.96,11.88,46.5
2020/21,2021,2020-11-12,11,1.99,37.56,386.1,11.45,11.88,46.5
2020/21,2021,2020-11-19,12,2.0,39.81,391.7,11.84,11.88,46.5
2020/21,2021,2020-11-25,13,1.99,39.81,394.9,11.93,11.88,46.5
2020/21,2021,2020-12-03,14,2.03,40.31,389.5,11.82,11.88,46.5
2020/21,2021,2020-12-10,15,1.69,39.06,375.2,11.67,11.88,46.5
2020/21,2021,2020-12-17,16,1.95,40.93,395.4,12.11,11.88,46.5
2020/21,2021,2020-12-23,17,2.08,42.35,418.7,12.69,11.88,46.5
2020/21,2021,2020-12-31,18,2.04,44.33,431.9,13.27,11.88,46.5
2020/21,2021,2021-01-07,19,1.64,44.92,429.7,13.69,11.88,46.5
2020/21,2021,2021-01-14,20,1.34,42.74,462.25,14.48,11.88,46.5
2020/21,2021,2021-01-21,21,1.63,44.81,436.7,13.85,11.88,46.5
2020/21,2021,2021-01-28,22,1.68,45.78,425.6,13.65,11.88,46.5
2020/21,2021,2021-02-04,23,1.67,46.19,431.6,13.85,11.88,46.5
2020/21,2021,2021-02-11,24,1.74,47.13,427.4,13.8,11.88,46.5
2020/21,2021,2021-02-19,25,2.01,48.66,434.4,13.88,11.88,46.5
2020/21,2021,2021-03-01,26,1.57,52.33,422.6,14.47,11.88,46.5
2020/21,2021,2021-03-04,27,1.78,53.4,420.7,14.34,11.88,46.5
2020/21,2021,2021-03-11,28,1.7,55.68,417.1,14.61,11.88,46.5
2020/21,2021,2021-03-18,29,2.0,58.97,406.6,14.46,11.88,46.5
2020/21,2021,2021-03-25,30,2.05,60.9,398.3,14.44,11.88,46.5
2020/21,2021,2021-04-01,31,1.89,54.96,398.7,13.91,11.88,46.5
2020/21,2021,2021-04-08,32,1.91,58.42,407.4,14.5,11.88,46.5
2020/21,2021,2021-04-15,33,1.88,58.43,396.0,14.27,11.88,46.5
2020/21,2021,2021-04-22,34,2.12,63.85,415.9,15.14,11.88,46.5
2020/21,2021,2021-04-29,35,2.58,70.82,434.15,15.93,11.88,46.5
2020/21,2021,2021-05-06,36,2.41,70.83,428.0,15.96,11.88,46.5
2020/21,2021,2021-05-13,37,2.49,73.3,451.0,16.71,11.88,46.5
2020/21,2021,2021-05-20,38,2.69,77.17,414.8,16.12,11.88,46.5
2020/21,2021,2021-05-27,39,2.91,77.69,390.3,15.39,11.88,46.5
2020/21,2021,2021-06-03,40,3.03,78.39,402.7,15.65,11.88,46.5
2020/21,2021,2021-06-10,41,2.72,81.08,391.3,16.01,11.88,46.5
2020/21,2021,2021-06-17,42,2.92,76.07,373.9,14.81,11.88,46.5
2020/21,2021,2021-06-24,43,2.81,70.67,365.3,14.07,11.88,46.5
2020/21,2021,2021-07-01,44,2.69,69.61,353.4,13.8,11.88,46.5
2020/21,2021,2021-07-08,45,3.12,71.12,362.1,13.74,11.88,46.5
2020/21,2021,2021-07-15,46,2.82,75.04,362.5,14.52,11.88,46.5
2020/21,2021,2021-07-22,47,2.4,72.67,371.5,14.88,11.88,46.5
2020/21,2021,2021-07-29,48,2.37,72.91,364.8,14.77,11.88,46.5
2020/21,2021,2021-08-05,49,2.4,69.45,353.5,14.07,11.88,46.5
2020/21,2021,2021-08-12,50,2.2,67.19,363.0,14.22,11.88,46.5
2020/21,2021,2021-08-19,51,3.27,73.79,365.6,14.0,11.88,46.5
2020/21,2021,2021-08-26,52,2.79,67.39,360.4,13.6,11.88,46.5
2021/22,2022,2021-09-02,1,3.36,69.63,350.75,13.07,11.88,46.5
2021/22,2022,2021-09-09,2,3.28,68.72,340.8,12.81,11.88,46.5
2021/22,2022,2021-09-16,3,3.22,67.74,344.0,12.83,11.88,46.5
2021/22,2022,2021-09-23,4,2.67,61.32,345.85,12.66,11.88,46.5
2021/22,2022,2021-09-30,5,3.49,68.62,344.0,12.66,11.88,46.5
2021/22,2022,2021-10-07,6,3.54,70.64,325.7,12.43,11.88,46.5
2021/22,2022,2021-10-14,7,3.46,67.85,317.5,11.98,11.88,46.5
2021/22,2022,2021-10-21,8,3.87,71.89,327.1,12.27,11.88,46.5
2021/22,2022,2021-10-28,9,3.76,71.31,331.4,12.42,11.88,46.5
2021/22,2022,2021-11-04,10,3.76,70.49,344.2,12.62,11.88,46.5
2021/22,2022,2021-11-11,11,3.97,67.47,350.0,12.18,11.88,46.5
2021/22,2022,2021-11-18,12,3.72,64.37,374.0,12.62,11.88,46.5
2021/22,2022,2021-11-24,13,3.47,65.34,369.65,12.89,11.88,46.5
2021/22,2022,2021-12-02,14,3.6,64.61,355.8,12.35,11.88,46.5
2021/22,2022,2021-12-09,15,3.54,66.07,364.8,12.8,11.88,46.5
2021/22,2022,2021-12-16,16,3.63,61.24,392.4,12.77,11.88,46.5
2021/22,2022,2021-12-23,17,3.69,62.4,409.5,13.24,11.88,46.5
2021/22,2022,2021-12-30,18,4.05,65.05,431.4,13.7,11.88,46.5
2021/22,2022,2022-01-06,19,3.66,61.83,439.15,13.9,11.88,46.5
2021/22,2022,2022-01-13,20,4.15,67.62,431.1,13.91,11.88,46.5
2021/22,2022,2022-01-20,21,3.93,68.08,407.6,13.63,11.88,46.5
2021/22,2022,2022-01-27,22,3.09,65.26,407.0,14.12,11.88,46.5
2021/22,2022,2022-02-03,23,3.25,68.33,451.0,15.36,11.88,46.5
2021/22,2022,2022-02-11,24,3.22,67.97,471.1,15.81,11.88,46.5
2021/22,2022,2022-02-18,25,2.87,69.57,459.9,16.08,11.88,46.5
2021/22,2022,2022-02-25,26,3.98,77.75,459.8,15.95,11.88,46.5
2021/22,2022,2022-03-04,27,3.39,74.97,474.9,16.56,11.88,46.5
2021/22,2022,2022-03-11,28,4.13,78.7,494.1,16.71,11.88,46.5
2021/22,2022,2022-03-18,29,3.76,74.62,496.5,16.65,11.88,46.5
2021/22,2022,2022-03-25,30,3.95,77.33,510.4,17.1,11.88,46.5
2021/22,2022,2022-04-01,31,3.81,73.78,470.0,15.89,11.88,46.5
2021/22,2022,2022-04-08,32,3.84,79.62,488.7,16.98,11.88,46.5
2021/22,2022,2022-04-15,33,4.19,83.74,481.9,16.96,11.88,46.5
2021/22,2022,2022-04-22,34,4.21,88.09,479.3,17.4,11.88,46.5
2021/22,2022,2022-04-29,35,4.47,94.0,456.9,17.32,11.88,46.5
2021/22,2022,2022-05-06,36,4.31,89.57,434.6,16.44,11.88,46.5
2021/22,2022,2022-05-13,37,3.95,91.81,430.3,16.97,11.88,46.5
2021/22,2022,2022-05-20,38,2.9,84.76,448.9,17.6,11.88,46.5
2021/22,2022,2022-05-27,39,2.57,83.4,451.3,17.83,11.88,46.5
2021/22,2022,2022-06-03,40,2.53,85.68,426.9,17.57,11.88,46.5
2021/22,2022,2022-06-10,41,2.7,84.64,448.1,17.77,11.88,46.5
2021/22,2022,2022-06-17,42,2.31,77.29,457.1,17.5,11.88,46.5
2021/22,2022,2022-06-24,43,2.81,73.58,451.6,16.43,11.88,46.5
2021/22,2022,2022-07-01,44,3.02,69.51,478.7,16.37,11.88,46.5
2021/22,2022,2022-07-08,45,2.65,68.57,471.35,16.46,11.88,46.5
2021/22,2022,2022-07-15,46,2.4,67.08,439.0,15.77,11.88,46.5
2021/22,2022,2022-07-22,47,2.43,64.32,439.5,15.43,11.88,46.5
2021/22,2022,2022-07-29,48,3.7,71.93,502.3,16.52,11.88,46.5
