week_ending,soy_d1plus,soy_d2plus,soy_d3plus
2000-01-04,61,20,0
2000-01-11,66,23,0
2000-01-18,68,23,0
2000-01-25,68,23,0
2000-02-01,78,23,0
2000-02-08,79,25,0
2000-02-15,79,24,0
2000-02-22,76,24,0
2000-02-29,73,32,0
2000-03-07,73,33,0
2000-03-14,70,36,0
2000-03-21,68,35,0
2000-03-28,67,32,0
2000-04-04,71,45,0
2000-04-11,71,43,0
2000-04-18,72,44,0
2000-04-25,64,34,0
2000-05-02,66,36,0
2000-05-09,63,32,0
2000-05-16,68,40,0
2000-05-23,44,23,1
2000-05-30,31,18,1
2000-06-06,26,17,3
2000-06-13,29,18,3
2000-06-20,25,17,2
2000-06-27,19,11,0
2000-07-04,15,7,0
2000-07-11,15,1,0
2000-07-18,18,2,0
2000-07-25,18,2,0
2000-08-01,15,2,0
2000-08-08,14,2,0
2000-08-15,18,5,0
2000-08-22,16,7,1
2000-08-29,15,7,3
2000-09-05,18,9,5
2000-09-12,21,11,5
2000-09-19,27,19,6
2000-09-26,23,17,6
2000-10-03,25,17,7
2000-10-10,26,17,5
2000-10-17,33,20,8
2000-10-24,38,21,12
2000-10-31,35,17,9
2000-11-07,23,12,4
2000-11-14,19,10,4
2000-11-21,18,8,2
2000-11-28,15,5,0
2000-12-05,16,5,0
2000-12-12,16,5,0
2000-12-19,13,4,0
2000-12-26,13,5,0
2001-01-02,13,5,0
2001-01-09,14,5,0
2001-01-16,14,3,0
2001-01-23,15,4,0
2001-01-30,8,1,0
2001-02-06,8,1,0
2001-02-13,5,1,0
2001-02-20,4,0,0
2001-02-27,2,0,0
2001-03-06,2,0,0
2001-03-13,1,0,0
2001-03-20,1,0,0
2001-03-27,1,0,0
2001-04-03,1,0,0
2001-04-10,1,0,0
2001-04-17,1,0,0
2001-04-24,4,0,0
2001-05-01,8,0,0
2001-05-08,15,8,0
2001-05-15,21,9,0
2001-05-22,12,4,0
2001-05-29,11,4,0
2001-06-05,6,3,0
2001-06-12,5,3,0
2001-06-19,6,3,0
2001-06-26,6,3,0
2001-07-03,6,3,0
2001-07-10,5,3,0
2001-07-17,5,3,0
2001-07-24,5,2,0
2001-07-31,6,2,0
2001-08-07,6,2,0
2001-08-14,9,1,0
2001-08-21,8,1,0
2001-08-28,5,1,0
2001-09-04,5,1,0
2001-09-11,4,1,0
2001-09-18,3,1,0
2001-09-25,3,1,0
2001-10-02,3,1,0
2001-10-09,3,1,0
2001-10-16,1,0,0
2001-10-23,1,0,0
2001-10-30,3,0,0
2001-11-06,3,1,0
2001-11-13,3,1,0
2001-11-20,4,2,0
2001-11-27,4,2,0
2001-12-04,3,2,0
2001-12-11,3,2,0
2001-12-18,3,2,0
2001-12-25,4,2,0
2002-01-01,4,2,0
2002-01-08,4,2,0
2002-01-15,4,2,0
2002-01-22,4,2,0
2002-01-29,4,2,0
2002-02-05,3,2,0
2002-02-12,3,2,0
2002-02-19,3,2,1
2002-02-26,3,2,1
2002-03-05,3,3,1
2002-03-12,3,3,2
2002-03-19,3,3,1
2002-03-26,4,3,1
2002-04-02,4,2,1
2002-04-09,15,2,1
2002-04-16,15,2,1
2002-04-23,14,2,1
2002-04-30,8,2,1
2002-05-07,10,2,1
2002-05-14,5,2,0
2002-05-21,5,2,0
2002-05-28,5,2,0
2002-06-04,5,2,0
2002-06-11,5,2,0
2002-06-18,6,2,1
2002-06-25,5,3,1
2002-07-02,9,3,1
2002-07-09,15,4,1
2002-07-16,13,4,1
2002-07-23,24,11,2
2002-07-30,24,9,5
2002-08-06,24,11,4
2002-08-13,24,11,4
2002-08-20,17,7,5
2002-08-27,15,6,4
2002-09-03,15,6,2
2002-09-10,21,7,2
2002-09-17,22,7,2
2002-09-24,22,5,2
2002-10-01,20,8,2
2002-10-08,16,5,2
2002-10-15,18,6,1
2002-10-22,18,6,1
2002-10-29,17,5,1
2002-11-05,18,4,1
2002-11-12,15,4,1
2002-11-19,15,4,1
2002-11-26,14,4,1
2002-12-03,21,5,1
2002-12-10,24,5,1
2002-12-17,26,6,1
2002-12-24,24,6,1
2002-12-31,26,7,2
2003-01-07,29,8,3
2003-01-14,39,10,4
2003-01-21,43,15,4
2003-01-28,44,16,4
2003-02-04,44,17,4
2003-02-11,44,17,4
2003-02-18,38,15,4
2003-02-25,37,19,4
2003-03-04,41,20,5
2003-03-11,42,20,5
2003-03-18,60,20,5
2003-03-25,60,19,5
2003-04-01,46,17,5
2003-04-08,38,12,4
2003-04-15,43,13,4
2003-04-22,44,14,3
2003-04-29,46,20,3
2003-05-06,20,4,1
2003-05-13,5,1,0
2003-05-20,6,1,0
2003-05-27,6,1,0
2003-06-03,6,1,0
2003-06-10,4,0,0
2003-06-17,3,0,0
2003-06-24,10,0,0
2003-07-01,2,0,0
2003-07-08,1,0,0
2003-07-15,1,0,0
2003-07-22,9,0,0
2003-07-29,10,4,0
2003-08-05,11,5,0
2003-08-12,14,7,1
2003-08-19,17,8,4
2003-08-26,47,13,6
2003-09-02,45,14,4
2003-09-09,51,34,5
2003-09-16,46,22,3
2003-09-23,46,21,2
2003-09-30,45,21,3
2003-10-07,43,20,3
2003-10-14,40,18,3
2003-10-21,39,20,5
2003-10-28,41,20,7
2003-11-04,38,14,4
2003-11-11,38,15,7
2003-11-18,38,15,7
2003-11-25,37,15,6
2003-12-02,36,15,6
2003-12-09,33,13,6
2003-12-16,29,13,5
2003-12-23,29,12,5
2003-12-30,28,13,7
2004-01-06,28,12,5
2004-01-13,29,11,5
2004-01-20,28,12,6
2004-01-27,26,11,6
2004-02-03,22,7,1
2004-02-10,21,7,1
2004-02-17,21,7,1
2004-02-24,21,7,1
2004-03-02,20,6,0
2004-03-09,18,3,0
2004-03-16,18,3,0
2004-03-23,18,3,0
2004-03-30,15,1,0
2004-04-06,15,1,0
2004-04-13,16,2,0
2004-04-20,17,5,0
2004-04-27,19,5,0
2004-05-04,19,7,0
2004-05-11,16,7,0
2004-05-18,11,4,0
2004-05-25,9,1,0
2004-06-01,2,1,0
2004-06-08,1,1,0
2004-06-15,1,1,0
2004-06-22,1,0,0
2004-06-29,1,0,0
2004-07-06,1,0,0
2004-07-13,1,0,0
2004-07-20,1,0,0
2004-07-27,1,0,0
2004-08-03,1,0,0
2004-08-10,1,1,0
2004-08-17,3,1,0
2004-08-24,1,1,0
2004-08-31,1,1,0
2004-09-07,1,1,0
2004-09-14,1,1,0
2004-09-21,1,1,0
2004-09-28,1,1,0
2004-10-05,4,1,0
2004-10-12,4,1,0
2004-10-19,2,1,0
2004-10-26,2,1,0
2004-11-02,2,1,0
2004-11-09,2,1,0
2004-11-16,2,1,0
2004-11-23,2,1,0
2004-11-30,1,1,0
2004-12-07,2,1,0
2004-12-14,1,1,0
2004-12-21,1,1,0
2004-12-28,1,1,0
2005-01-04,1,1,0
2005-01-11,2,1,0
2005-01-18,3,1,0
2005-01-25,3,1,0
2005-02-01,3,1,0
2005-02-08,4,0,0
2005-02-15,2,0,0
2005-02-22,2,0,0
2005-03-01,2,0,0
2005-03-08,2,0,0
2005-03-15,2,0,0
2005-03-22,2,0,0
2005-03-29,2,0,0
2005-04-05,2,1,0
2005-04-12,1,0,0
2005-04-19,1,0,0
2005-04-26,1,0,0
2005-05-03,1,0,0
2005-05-10,2,0,0
2005-05-17,1,0,0
2005-05-24,6,0,0
2005-05-31,12,0,0
2005-06-07,22,2,0
2005-06-14,16,3,0
2005-06-21,22,4,0
2005-06-28,27,12,0
2005-07-05,27,16,5
2005-07-12,28,12,4
2005-07-19,33,14,6
2005-07-26,32,15,8
2005-08-02,29,15,9
2005-08-09,31,16,9
2005-08-16,25,14,4
2005-08-23,24,14,4
2005-08-30,21,11,4
2005-09-06,24,13,5
2005-09-13,32,14,7
2005-09-20,28,11,3
2005-09-27,21,6,2
2005-10-04,22,6,4
2005-10-11,22,9,4
2005-10-18,22,9,4
2005-10-25,22,9,4
2005-11-01,24,9,4
2005-11-08,29,9,4
2005-11-15,28,9,4
2005-11-22,26,9,4
2005-11-29,25,9,4
2005-12-06,26,9,4
2005-12-13,26,9,4
2005-12-20,25,9,4
2005-12-27,25,9,4
2006-01-03,25,11,4
2006-01-10,27,11,4
2006-01-17,28,11,4
2006-01-24,28,12,4
2006-01-31,26,9,1
2006-02-07,26,10,1
2006-02-14,26,10,1
2006-02-21,26,9,1
2006-02-28,30,15,1
2006-03-07,33,15,1
2006-03-14,27,14,0
2006-03-21,26,12,0
2006-03-28,27,12,0
2006-04-04,18,2,0
2006-04-11,17,2,0
2006-04-18,16,3,1
2006-04-25,16,3,1
2006-05-02,9,1,0
2006-05-09,6,0,0
2006-05-16,6,0,0
2006-05-23,7,0,0
2006-05-30,7,1,0
2006-06-06,7,1,0
2006-06-13,9,3,1
2006-06-20,12,3,1
2006-06-27,17,2,1
2006-07-04,22,2,1
2006-07-11,26,2,0
2006-07-18,43,14,1
2006-07-25,46,19,2
2006-08-01,47,24,2
2006-08-08,45,23,5
2006-08-15,41,18,3
2006-08-22,35,16,3
2006-08-29,29,9,2
2006-09-05,26,8,2
2006-09-12,23,7,2
2006-09-19,18,3,0
2006-09-26,11,2,0
2006-10-03,12,2,0
2006-10-10,14,3,0
2006-10-17,12,2,0
2006-10-24,12,2,0
2006-10-31,11,2,0
2006-11-07,10,2,0
2006-11-14,10,2,0
2006-11-21,10,2,0
2006-11-28,10,2,0
2006-12-05,5,1,0
2006-12-12,6,1,0
2006-12-19,7,1,0
2006-12-26,7,1,0
2007-01-02,6,1,0
2007-01-09,6,1,0
2007-01-16,6,1,0
2007-01-23,4,1,0
2007-01-30,4,1,0
2007-02-06,4,1,0
2007-02-13,4,1,0
2007-02-20,4,1,0
2007-02-27,4,1,0
2007-03-06,3,0,0
2007-03-13,3,0,0
2007-03-20,3,0,0
2007-03-27,3,0,0
2007-04-03,3,0,0
2007-04-10,4,0,0
2007-04-17,1,0,0
2007-04-24,2,1,0
2007-05-01,4,1,0
2007-05-08,4,1,0
2007-05-15,3,1,0
2007-05-22,4,1,1
2007-05-29,4,1,1
2007-06-05,9,1,1
2007-06-12,11,2,1
2007-06-19,15,2,1
2007-06-26,12,2,1
2007-07-03,10,1,1
2007-07-10,22,1,0
2007-07-17,28,1,0
2007-07-24,33,6,0
2007-07-31,37,14,0
2007-08-07,39,15,1
2007-08-14,40,19,1
2007-08-21,36,14,3
2007-08-28,27,13,3
2007-09-04,27,13,5
2007-09-11,23,11,4
2007-09-18,22,11,4
2007-09-25,23,10,4
2007-10-02,22,10,3
2007-10-09,21,10,4
2007-10-16,22,11,5
2007-10-23,13,3,1
2007-10-30,8,1,0
2007-11-06,8,2,0
2007-11-13,8,2,1
2007-11-20,8,2,1
2007-11-27,7,2,1
2007-12-04,7,2,1
2007-12-11,5,2,1
2007-12-18,4,2,1
2007-12-25,4,2,1
2008-01-01,3,2,1
2008-01-08,3,2,1
2008-01-15,3,2,1
2008-01-22,3,2,1
2008-01-29,3,2,1
2008-02-05,3,2,1
2008-02-12,3,2,1
2008-02-19,3,2,1
2008-02-26,3,2,0
2008-03-04,5,2,0
2008-03-11,4,1,0
2008-03-18,4,1,0
2008-03-25,3,1,0
2008-04-01,3,1,0
2008-04-08,2,1,0
2008-04-15,2,1,0
2008-04-22,1,0,0
2008-04-29,1,0,0
2008-05-06,1,0,0
2008-05-13,1,0,0
2008-05-20,3,0,0
2008-05-27,2,0,0
2008-06-03,2,0,0
2008-06-10,1,0,0
2008-06-17,2,0,0
2008-06-24,2,0,0
2008-07-01,2,1,0
2008-07-08,2,1,0
2008-07-15,2,0,0
2008-07-22,3,1,0
2008-07-29,4,1,0
2008-08-05,3,1,0
2008-08-12,4,1,0
2008-08-19,3,1,0
2008-08-26,6,1,0
2008-09-02,10,1,0
2008-09-09,11,0,0
2008-09-16,7,0,0
2008-09-23,10,0,0
2008-09-30,10,1,0
2008-10-07,9,1,0
2008-10-14,6,1,0
2008-10-21,7,1,0
2008-10-28,4,1,0
2008-11-04,4,1,0
2008-11-11,4,1,0
2008-11-18,3,0,0
2008-11-25,3,0,0
2008-12-02,3,0,0
2008-12-09,3,0,0
2008-12-16,3,0,0
2008-12-23,3,0,0
2008-12-30,2,0,0
2009-01-06,2,0,0
2009-01-13,2,0,0
2009-01-20,2,0,0
2009-01-27,2,0,0
2009-02-03,2,0,0
2009-02-10,2,0,0
2009-02-17,3,0,0
2009-02-24,3,0,0
2009-03-03,2,0,0
2009-03-10,3,0,0
2009-03-17,3,0,0
2009-03-24,3,0,0
2009-03-31,2,0,0
2009-04-07,2,0,0
2009-04-14,3,1,0
2009-04-21,2,1,0
2009-04-28,2,0,0
2009-05-05,2,0,0
2009-05-12,1,0,0
2009-05-19,1,0,0
2009-05-26,2,0,0
2009-06-02,2,0,0
2009-06-09,2,0,0
2009-06-16,2,0,0
2009-06-23,2,0,0
2009-06-30,3,0,0
2009-07-07,3,0,0
2009-07-14,4,0,0
2009-07-21,4,1,0
2009-07-28,5,1,0
2009-08-04,5,1,0
2009-08-11,5,0,0
2009-08-18,4,0,0
2009-08-25,3,0,0
2009-09-01,2,0,0
2009-09-08,3,0,0
2009-09-15,2,0,0
2009-09-22,7,0,0
2009-09-29,7,0,0
2009-10-06,2,0,0
2009-10-13,1,0,0
2009-10-20,1,0,0
2009-10-27,1,0,0
2009-11-03,1,0,0
2009-11-10,1,0,0
2009-11-17,0,0,0
2009-11-24,0,0,0
2009-12-01,0,0,0
2009-12-08,0,0,0
2009-12-15,0,0,0
2009-12-22,0,0,0
2009-12-29,0,0,0
2010-01-05,0,0,0
2010-01-12,0,0,0
2010-01-19,0,0,0
2010-01-26,0,0,0
2010-02-02,0,0,0
2010-02-09,0,0,0
2010-02-16,0,0,0
2010-02-23,0,0,0
2010-03-02,0,0,0
2010-03-09,0,0,0
2010-03-16,0,0,0
2010-03-23,0,0,0
2010-03-30,0,0,0
2010-04-06,0,0,0
2010-04-13,0,0,0
2010-04-20,1,0,0
2010-04-27,2,0,0
2010-05-04,2,0,0
2010-05-11,2,0,0
2010-05-18,2,0,0
2010-05-25,2,0,0
2010-06-01,3,0,0
2010-06-08,3,0,0
2010-06-15,3,0,0
2010-06-22,3,0,0
2010-06-29,4,1,0
2010-07-06,5,1,0
2010-07-13,5,1,0
2010-07-20,6,1,0
2010-07-27,9,3,1
2010-08-03,9,3,1
2010-08-10,9,3,1
2010-08-17,9,2,0
2010-08-24,8,2,0
2010-08-31,11,2,0
2010-09-07,11,3,0
2010-09-14,14,3,0
2010-09-21,16,4,0
2010-09-28,17,6,0
2010-10-05,16,6,0
2010-10-12,19,9,1
2010-10-19,21,13,3
2010-10-26,20,13,3
2010-11-02,25,15,4
2010-11-09,25,15,4
2010-11-16,25,15,4
2010-11-23,26,15,4
2010-11-30,16,7,1
2010-12-07,14,7,2
2010-12-14,13,6,1
2010-12-21,14,7,1
2010-12-28,15,10,1
2011-01-04,14,9,1
2011-01-11,15,9,1
2011-01-18,15,9,1
2011-01-25,15,9,1
2011-02-01,15,9,1
2011-02-08,14,6,0
2011-02-15,14,6,0
2011-02-22,17,6,0
2011-03-01,15,4,0
2011-03-08,13,4,0
2011-03-15,9,4,0
2011-03-22,9,4,0
2011-03-29,9,4,1
2011-04-05,11,4,1
2011-04-12,11,4,1
2011-04-19,8,4,1
2011-04-26,6,2,0
2011-05-03,6,1,0
2011-05-10,6,2,0
2011-05-17,7,2,0
2011-05-24,6,2,1
2011-05-31,6,3,1
2011-06-07,8,3,1
2011-06-14,8,4,1
2011-06-21,9,4,2
2011-06-28,9,4,2
2011-07-05,9,5,2
2011-07-12,8,5,2
2011-07-19,8,5,2
2011-07-26,11,6,2
2011-08-02,16,6,2
2011-08-09,22,6,2
2011-08-16,18,4,2
2011-08-23,19,4,2
2011-08-30,23,9,2
2011-09-06,20,7,1
2011-09-13,24,8,1
2011-09-20,23,8,1
2011-09-27,18,6,1
2011-10-04,24,7,1
2011-10-11,28,9,1
2011-10-18,25,9,1
2011-10-25,27,11,1
2011-11-01,34,12,2
2011-11-08,34,11,2
2011-11-15,29,13,2
2011-11-22,26,13,2
2011-11-29,23,12,1
2011-12-06,20,11,1
2011-12-13,20,11,1
2011-12-20,21,10,1
2011-12-27,20,10,0
2012-01-03,21,10,0
2012-01-10,21,10,0
2012-01-17,21,10,0
2012-01-24,24,10,0
2012-01-31,25,10,0
2012-02-07,23,10,0
2012-02-14,23,11,0
2012-02-21,23,10,0
2012-02-28,22,10,0
2012-03-06,21,9,0
2012-03-13,21,9,0
2012-03-20,20,9,0
2012-03-27,20,9,0
2012-04-03,21,9,0
2012-04-10,22,10,0
2012-04-17,19,9,0
2012-04-24,18,9,0
2012-05-01,19,9,0
2012-05-08,11,1,0
2012-05-15,11,1,0
2012-05-22,15,2,0
2012-05-29,16,2,0
2012-06-05,19,2,0
2012-06-12,24,4,0
2012-06-19,43,16,3
2012-06-26,48,21,6
2012-07-03,58,25,6
2012-07-10,74,35,9
2012-07-17,84,54,14
2012-07-24,85,67,32
2012-07-31,82,69,35
2012-08-07,81,68,44
2012-08-14,78,65,40
2012-08-21,79,65,41
2012-08-28,78,63,38
2012-09-04,76,55,25
2012-09-11,76,52,23
2012-09-18,78,51,23
2012-09-25,77,53,27
2012-10-02,75,53,29
2012-10-09,70,53,29
2012-10-16,68,51,28
2012-10-23,65,49,26
2012-10-30,61,45,24
2012-11-06,61,45,24
2012-11-13,58,37,21
2012-11-20,58,37,21
2012-11-27,60,41,21
2012-12-04,62,41,21
2012-12-11,58,41,21
2012-12-18,57,41,21
2012-12-25,57,40,20
2013-01-01,57,40,20
2013-01-08,57,40,20
2013-01-15,55,40,19
2013-01-22,53,40,19
2013-01-29,53,40,19
2013-02-05,50,38,19
2013-02-12,50,36,19
2013-02-19,50,36,19
2013-02-26,50,35,19
2013-03-05,49,35,19
2013-03-12,43,33,16
2013-03-19,42,33,16
2013-03-26,42,33,16
2013-04-02,42,32,16
2013-04-09,40,31,15
2013-04-16,34,20,7
2013-04-23,30,13,4
2013-04-30,28,12,4
2013-05-07,24,11,3
2013-05-14,23,10,3
2013-05-21,17,9,3
2013-05-28,11,5,1
2013-06-04,10,4,1
2013-06-11,8,3,1
2013-06-18,8,3,1
2013-06-25,6,3,1
2013-07-02,6,3,1
2013-07-09,6,3,1
2013-07-16,7,3,1
2013-07-23,10,3,1
2013-07-30,10,3,1
2013-08-06,13,3,1
2013-08-13,15,3,1
2013-08-20,16,3,1
2013-08-27,38,10,1
2013-09-03,43,12,1
2013-09-10,46,15,1
2013-09-17,46,17,2
2013-09-24,45,16,1
2013-10-01,43,14,1
2013-10-08,34,13,0
2013-10-15,30,10,0
2013-10-22,29,10,0
2013-10-29,28,10,0
2013-11-05,25,6,0
2013-11-12,21,4,0
2013-11-19,20,4,0
2013-11-26,19,4,0
2013-12-03,19,4,0
2013-12-10,19,4,0
2013-12-17,19,4,0
2013-12-24,19,4,0
2013-12-31,19,4,0
2014-01-07,19,4,0
2014-01-14,19,4,0
2014-01-21,19,4,0
2014-01-28,19,4,0
2014-02-04,20,4,0
2014-02-11,19,5,0
2014-02-18,19,4,0
2014-02-25,16,2,0
2014-03-04,16,2,0
2014-03-11,17,2,0
2014-03-18,19,2,0
2014-03-25,21,2,0
2014-04-01,22,3,0
2014-04-08,22,3,0
2014-04-15,21,3,0
2014-04-22,20,3,0
2014-04-29,16,2,0
2014-05-06,19,3,1
2014-05-13,15,3,1
2014-05-20,15,3,1
2014-05-27,16,3,1
2014-06-03,13,2,1
2014-06-10,8,1,0
2014-06-17,5,1,0
2014-06-24,4,1,0
2014-07-01,3,1,0
2014-07-08,3,1,0
2014-07-15,3,1,0
2014-07-22,3,1,0
2014-07-29,4,1,0
2014-08-05,4,0,0
2014-08-12,3,0,0
2014-08-19,3,0,0
2014-08-26,3,0,0
2014-09-02,2,0,0
2014-09-09,1,0,0
2014-09-16,1,0,0
2014-09-23,1,0,0
2014-09-30,1,0,0
2014-10-07,1,0,0
2014-10-14,1,0,0
2014-10-21,1,0,0
2014-10-28,2,0,0
2014-11-04,2,0,0
2014-11-11,2,0,0
2014-11-18,2,0,0
2014-11-25,2,0,0
2014-12-02,2,0,0
2014-12-09,2,0,0
2014-12-16,3,0,0
2014-12-23,3,0,0
2014-12-30,3,0,0
2015-01-06,3,0,0
2015-01-13,5,0,0
2015-01-20,6,0,0
2015-01-27,9,0,0
2015-02-03,9,1,0
2015-02-10,10,3,0
2015-02-17,10,3,0
2015-02-24,7,1,0
2015-03-03,5,1,0
2015-03-10,5,1,0
2015-03-17,13,0,0
2015-03-24,14,1,0
2015-03-31,19,1,0
2015-04-07,19,1,0
2015-04-14,20,1,0
2015-04-21,21,1,0
2015-04-28,23,4,0
2015-05-05,23,4,0
2015-05-12,15,2,0
2015-05-19,6,0,0
2015-05-26,4,0,0
2015-06-02,2,0,0
2015-06-09,1,0,0
2015-06-16,3,0,0
2015-06-23,1,0,0
2015-06-30,1,0,0
2015-07-07,0,0,0
2015-07-14,0,0,0
2015-07-21,1,0,0
2015-07-28,1,0,0
2015-08-04,1,0,0
2015-08-11,1,0,0
2015-08-18,1,0,0
2015-08-25,2,0,0
2015-09-01,4,0,0
2015-09-08,5,1,0
2015-09-15,5,2,0
2015-09-22,6,2,0
2015-09-29,6,3,0
2015-10-06,6,4,1
2015-10-13,9,5,2
2015-10-20,16,6,4
2015-10-27,19,2,0
2015-11-03,13,0,0
2015-11-10,13,0,0
2015-11-17,6,0,0
2015-11-24,4,0,0
2015-12-01,3,0,0
2015-12-08,3,0,0
2015-12-15,2,0,0
2015-12-22,2,0,0
2015-12-29,2,0,0
2016-01-05,0,0,0
2016-01-12,0,0,0
2016-01-19,0,0,0
2016-01-26,0,0,0
2016-02-02,0,0,0
2016-02-09,0,0,0
2016-02-16,0,0,0
2016-02-23,0,0,0
2016-03-01,1,0,0
2016-03-08,1,0,0
2016-03-15,2,0,0
2016-03-22,2,0,0
2016-03-29,2,0,0
2016-04-05,3,0,0
2016-04-12,6,0,0
2016-04-19,4,0,0
2016-04-26,2,0,0
2016-05-03,0,0,0
2016-05-10,0,0,0
2016-05-17,0,0,0
2016-05-24,0,0,0
2016-05-31,1,0,0
2016-06-07,1,0,0
2016-06-14,1,0,0
2016-06-21,3,0,0
2016-06-28,5,0,0
2016-07-05,7,1,0
2016-07-12,6,1,0
2016-07-19,6,1,0
2016-07-26,6,1,0
2016-08-02,7,1,0
2016-08-09,8,3,0
2016-08-16,4,1,0
2016-08-23,4,1,0
2016-08-30,3,1,0
2016-09-06,3,1,0
2016-09-13,2,1,0
2016-09-20,2,1,0
2016-09-27,2,1,0
2016-10-04,2,1,0
2016-10-11,6,1,0
2016-10-18,7,2,0
2016-10-25,8,2,0
2016-11-01,14,2,1
2016-11-08,15,3,1
2016-11-15,18,9,1
2016-11-22,18,14,4
2016-11-29,18,13,3
2016-12-06,17,7,0
2016-12-13,17,5,0
2016-12-20,15,1,0
2016-12-27,8,1,0
2017-01-03,8,1,0
2017-01-10,11,1,0
2017-01-17,9,1,0
2017-01-24,5,0,0
2017-01-31,3,0,0
2017-02-07,3,0,0
2017-02-14,3,0,0
2017-02-21,6,0,0
2017-02-28,8,1,0
2017-03-07,12,1,0
2017-03-14,11,1,0
2017-03-21,12,1,0
2017-03-28,11,1,0
2017-04-04,3,0,0
2017-04-11,1,0,0
2017-04-18,1,0,0
2017-04-25,1,0,0
2017-05-02,0,0,0
2017-05-09,0,0,0
2017-05-16,0,0,0
2017-05-23,0,0,0
2017-05-30,4,0,0
2017-06-06,7,1,0
2017-06-13,6,1,0
2017-06-20,5,1,0
2017-06-27,4,1,0
2017-07-04,6,1,0
2017-07-11,9,2,1
2017-07-18,12,3,1
2017-07-25,14,3,1
2017-08-01,16,4,1
2017-08-08,16,4,1
2017-08-15,16,5,1
2017-08-22,12,2,0
2017-08-29,11,2,0
2017-09-05,10,2,0
2017-09-12,15,3,0
2017-09-19,15,2,0
2017-09-26,10,1,0
2017-10-03,11,1,0
2017-10-10,9,0,0
2017-10-17,5,0,0
2017-10-24,5,0,0
2017-10-31,4,0,0
2017-11-07,4,0,0
2017-11-14,5,1,0
2017-11-21,6,1,0
2017-11-28,9,1,0
2017-12-05,11,2,0
2017-12-12,12,4,1
2017-12-19,14,4,0
2017-12-26,11,1,0
2018-01-02,12,2,0
2018-01-09,13,2,0
2018-01-16,13,2,0
2018-01-23,14,2,0
2018-01-30,16,3,0
2018-02-06,18,4,0
2018-02-13,17,3,0
2018-02-20,16,3,0
2018-02-27,10,2,0
2018-03-06,7,2,1
2018-03-13,8,2,1
2018-03-20,7,2,1
2018-03-27,7,2,1
2018-04-03,7,2,1
2018-04-10,7,2,1
2018-04-17,7,2,1
2018-04-24,7,2,1
2018-05-01,8,3,1
2018-05-08,8,3,1
2018-05-15,8,2,1
2018-05-22,8,2,1
2018-05-29,10,3,1
2018-06-05,11,3,1
2018-06-12,12,3,1
2018-06-19,11,4,0
2018-06-26,10,4,0
2018-07-03,10,4,0
2018-07-10,11,4,1
2018-07-17,12,4,2
2018-07-24,13,5,2
2018-07-31,16,5,2
2018-08-07,16,6,3
2018-08-14,19,7,3
2018-08-21,16,6,2
2018-08-28,13,5,2
2018-09-04,10,3,1
2018-09-11,8,3,0
2018-09-18,8,3,0
2018-09-25,8,3,1
2018-10-02,8,3,1
2018-10-09,4,1,0
2018-10-16,2,1,0
2018-10-23,2,1,0
2018-10-30,2,1,0
2018-11-06,2,1,0
2018-11-13,2,0,0
2018-11-20,2,0,0
2018-11-27,2,0,0
2018-12-04,1,0,0
2018-12-11,1,0,0
2018-12-18,1,0,0
2018-12-25,1,0,0
2019-01-01,1,0,0
2019-01-08,0,0,0
2019-01-15,0,0,0
2019-01-22,0,0,0
2019-01-29,0,0,0
2019-02-05,0,0,0
2019-02-12,0,0,0
2019-02-19,0,0,0
2019-02-26,0,0,0
2019-03-05,0,0,0
2019-03-12,0,0,0
2019-03-19,0,0,0
2019-03-26,0,0,0
2019-04-02,0,0,0
2019-04-09,0,0,0
2019-04-16,0,0,0
2019-04-23,0,0,0
2019-04-30,0,0,0
2019-05-07,0,0,0
2019-05-14,0,0,0
2019-05-21,0,0,0
2019-05-28,0,0,0
2019-06-04,1,0,0
2019-06-11,1,0,0
2019-06-18,1,0,0
2019-06-25,1,0,0
2019-07-02,1,0,0
2019-07-09,1,0,0
2019-07-16,0,0,0
2019-07-23,0,0,0
2019-07-30,1,0,0
2019-08-06,1,0,0
2019-08-13,4,0,0
2019-08-20,4,0,0
2019-08-27,4,0,0
2019-09-03,5,0,0
2019-09-10,6,0,0
2019-09-17,4,0,0
2019-09-24,7,0,0
2019-10-01,9,2,0
2019-10-08,9,1,0
2019-10-15,10,2,0
2019-10-22,7,1,0
2019-10-29,4,0,0
2019-11-05,0,0,0
2019-11-12,0,0,0
2019-11-19,0,0,0
2019-11-26,1,0,0
2019-12-03,1,0,0
2019-12-10,1,0,0
2019-12-17,1,0,0
2019-12-24,1,0,0
2019-12-31,1,0,0
2020-01-07,0,0,0
2020-01-14,0,0,0
2020-01-21,0,0,0
2020-01-28,0,0,0
2020-02-04,0,0,0
2020-02-11,0,0,0
2020-02-18,0,0,0
2020-02-25,0,0,0
2020-03-03,0,0,0
2020-03-10,0,0,0
2020-03-17,0,0,0
2020-03-24,0,0,0
2020-03-31,0,0,0
2020-04-07,0,0,0
2020-04-14,0,0,0
2020-04-21,0,0,0
2020-04-28,0,0,0
2020-05-05,0,0,0
2020-05-12,0,0,0
2020-05-19,0,0,0
2020-05-26,0,0,0
2020-06-02,1,0,0
2020-06-09,2,0,0
2020-06-16,2,0,0
2020-06-23,2,0,0
2020-06-30,2,0,0
2020-07-07,5,0,0
2020-07-14,10,1,0
2020-07-21,16,1,0
2020-07-28,16,2,0
2020-08-04,14,3,1
2020-08-11,14,4,1
2020-08-18,14,5,1
2020-08-25,18,6,1
2020-09-01,23,8,2
2020-09-08,22,8,3
2020-09-15,16,6,0
2020-09-22,18,6,0
2020-09-29,22,6,0
2020-10-06,25,11,1
2020-10-13,28,11,1
2020-10-20,31,11,1
2020-10-27,28,11,1
2020-11-03,27,11,1
2020-11-10,28,8,1
2020-11-17,27,8,1
2020-11-24,29,10,1
2020-12-01,29,9,2
2020-12-08,30,10,2
2020-12-15,31,10,2
2020-12-22,31,10,2
2020-12-29,31,10,2
2021-01-05,29,9,1
2021-01-12,29,9,1
2021-01-19,29,9,1
2021-01-26,29,7,1
2021-02-02,26,7,1
2021-02-09,25,7,1
2021-02-16,23,5,1
2021-02-23,22,6,1
2021-03-02,22,6,1
2021-03-09,24,7,1
2021-03-16,19,6,1
2021-03-23,18,6,1
2021-03-30,17,6,1
2021-04-06,17,7,3
2021-04-13,15,7,3
2021-04-20,16,7,3
2021-04-27,19,7,3
2021-05-04,22,7,3
2021-05-11,20,7,3
2021-05-18,22,7,3
2021-05-25,23,7,3
2021-06-01,23,9,3
2021-06-08,31,13,3
2021-06-15,36,20,3
2021-06-22,36,21,3
2021-06-29,33,17,3
2021-07-06,33,21,3
2021-07-13,31,18,3
2021-07-20,31,18,4
2021-07-27,31,20,5
2021-08-03,31,21,8
2021-08-10,30,20,10
2021-08-17,31,23,11
2021-08-24,32,23,11
2021-08-31,28,14,5
2021-09-07,26,11,4
2021-09-14,26,11,4
2021-09-21,26,11,3
2021-09-28,28,13,3
2021-10-05,25,12,2
2021-10-12,22,8,1
2021-10-19,20,5,0
2021-10-26,19,5,0
2021-11-02,15,2,0
2021-11-09,15,2,0
2021-11-16,13,2,0
2021-11-23,14,2,0
2021-11-30,16,2,0
2021-12-07,16,4,0
2021-12-14,14,3,0
2021-12-21,14,3,0
2021-12-28,14,4,0
2022-01-04,14,4,1
2022-01-11,15,4,1
2022-01-18,14,4,1
2022-01-25,14,4,1
2022-02-01,15,4,1
2022-02-08,21,4,1
2022-02-15,23,6,2
2022-02-22,22,6,2
2022-03-01,25,9,1
2022-03-08,25,9,2
2022-03-15,26,11,2
2022-03-22,23,9,1
2022-03-29,23,9,1
2022-04-05,21,9,1
2022-04-12,21,8,1
2022-04-19,19,8,2
2022-04-26,15,8,2
2022-05-03,14,7,1
2022-05-10,12,6,1
2022-05-17,12,6,1
2022-05-24,12,6,1
2022-05-31,10,5,0
2022-06-07,10,4,0
2022-06-14,9,4,0
2022-06-21,11,5,0
2022-06-28,15,5,1
2022-07-05,22,6,1
2022-07-12,25,5,1
2022-07-19,26,8,1
2022-07-26,26,10,2
2022-08-02,28,11,2
2022-08-09,24,11,3
2022-08-16,23,10,3
2022-08-23,20,9,3
2022-08-30,21,9,4
2022-09-06,21,9,5
2022-09-13,23,10,5
2022-09-20,29,12,5
2022-09-27,38,14,6
2022-10-04,41,17,7
2022-10-11,48,22,8
2022-10-18,61,27,9
2022-10-25,71,33,10
2022-11-01,71,38,11
2022-11-08,69,31,10
2022-11-15,69,27,10
2022-11-22,70,27,10
2022-11-29,68,27,10
2022-12-06,69,26,10
2022-12-13,67,25,10
2022-12-20,56,20,7
2022-12-27,61,20,7
2023-01-03,48,20,7
2023-01-10,39,17,6
2023-01-17,39,16,6
2023-01-24,38,16,6
2023-01-31,37,16,6
2023-02-07,36,16,6
2023-02-14,34,15,6
2023-02-21,32,12,5
2023-02-28,26,11,5
2023-03-07,24,10,5
2023-03-14,23,10,5
2023-03-21,22,10,5
2023-03-28,22,11,5
2023-04-04,20,11,5
2023-04-11,20,11,5
2023-04-18,20,11,5
2023-04-25,19,10,6
2023-05-02,20,12,6
2023-05-09,21,12,7
2023-05-16,19,10,5
2023-05-23,20,10,5
2023-05-30,28,11,6
2023-06-06,39,13,6
2023-06-13,51,16,6
2023-06-20,57,24,8
2023-06-27,63,32,8
2023-07-04,60,30,8
2023-07-11,57,27,8
2023-07-18,50,20,7
2023-07-25,53,20,7
2023-08-01,51,21,7
2023-08-08,43,18,6
2023-08-15,38,17,4
2023-08-22,38,18,5
2023-08-29,40,21,8
2023-09-05,43,23,10
2023-09-12,48,28,10
2023-09-19,53,30,13
2023-09-26,55,27,10
2023-10-03,58,28,10
2023-10-10,58,28,11
2023-10-17,53,26,10
2023-10-24,52,27,10
2023-10-31,38,23,9
2023-11-07,39,23,9
2023-11-14,42,23,9
2023-11-21,45,24,9
2023-11-28,47,25,9
2023-12-05,46,25,9
2023-12-12,48,27,10
2023-12-19,51,28,12
2023-12-26,48,26,12
2024-01-02,50,26,12
2024-01-09,52,24,11
2024-01-16,37,19,10
2024-01-23,36,19,9
2024-01-30,29,16,4
2024-02-06,27,13,3
2024-02-13,25,11,3
2024-02-20,24,11,2
2024-02-27,28,11,2
2024-03-05,31,11,3
2024-03-12,33,11,3
2024-03-19,30,11,3
2024-03-26,21,6,2
2024-04-02,22,6,2
2024-04-09,22,6,2
2024-04-16,22,6,1
2024-04-23,21,7,0
2024-04-30,17,6,0
2024-05-07,11,4,0
2024-05-14,9,3,0
2024-05-21,7,1,0
2024-05-28,3,1,0
2024-06-04,2,0,0
2024-06-11,1,0,0
2024-06-18,2,0,0
2024-06-25,7,0,0
2024-07-09,8,1,0
2024-07-16,5,2,0
2024-07-23,4,2,0
2024-07-30,5,1,0
2024-08-06,5,1,0
2024-08-13,6,1,0
2024-08-20,8,2,0
2024-08-27,12,4,0
2024-09-03,19,4,1
2024-09-10,26,7,1
2024-09-17,33,8,1
2024-09-24,30,7,2
2024-10-01,26,3,0
2024-10-08,43,9,1
2024-10-15,54,15,1
2024-10-22,68,21,1
2024-10-29,73,37,2
2024-11-05,63,28,1
2024-11-12,57,23,1
2024-11-19,53,10,1
2024-11-26,47,7,1
2024-12-03,49,7,1
2024-12-10,51,7,1
2024-12-17,47,7,0
2024-12-24,46,7,0
2024-12-31,37,4,0
2025-01-07,34,4,0
2025-01-14,34,4,0
2025-01-21,35,4,0
2025-01-28,35,4,0
2025-02-04,37,5,0
2025-02-11,37,5,0
2025-02-18,36,4,0
2025-02-25,46,4,0
2025-03-04,50,5,0
2025-03-11,46,6,0
2025-03-18,42,5,0
2025-03-25,36,6,0
2025-04-01,33,6,0
2025-04-08,22,2,0
2025-04-15,23,2,0
2025-04-22,21,2,0
2025-04-29,15,2,0
2025-05-06,15,2,0
2025-05-13,17,4,0
2025-05-20,16,3,0
2025-05-27,17,3,0
2025-06-03,16,3,0
2025-06-10,13,2,0
2025-06-17,13,2,0
2025-06-24,12,2,0
2025-07-01,8,1,0
2025-07-08,9,1,0
2025-07-15,7,1,0
2025-07-22,8,0,0
2025-07-29,5,0,0
2025-08-05,3,0,0
2025-08-12,3,0,0
2025-08-19,9,0,0
2025-08-26,11,0,0
2025-09-02,16,1,0
2025-09-09,22,4,0
2025-09-16,36,10,2
2025-09-23,37,13,2
2025-09-30,37,12,1
2025-10-07,39,14,2
2025-10-14,39,15,3
2025-10-21,39,12,2
2025-10-28,34,15,3
2025-11-04,32,13,2
2025-11-11,31,13,3
2025-11-18,33,13,3
2025-11-25,31,12,3
2025-12-02,30,9,3
2025-12-09,31,9,3
2025-12-16,32,9,3
2025-12-23,32,9,3
2025-12-30,35,7,2
2026-01-06,38,11,3
2026-01-13,34,13,3
2026-01-20,35,15,3
2026-01-27,34,15,3
2026-02-03,34,15,4
2026-02-10,37,18,4
2026-02-17,38,19,6
2026-02-17,38,19,6
2026-02-24,44,20,6
2026-02-24,44,20,6
2026-03-03,53,22,7
2026-03-03,53,22,7
2026-03-10,47,19,4
2026-03-10,47,19,4
2026-03-17,42,17,4
2026-03-17,42,17,4
2026-03-24,42,16,4
2026-03-24,42,16,4
2026-03-31,44,20,5
2026-03-31,44,20,5
2026-04-07,31,18,4
2026-04-07,31,18,4
2026-04-14,29,19,8
2026-04-14,29,19,8
2026-04-21,30,22,11
2026-04-21,30,22,11
2026-04-28,27,22,10
2026-04-28,27,22,10
2026-05-05,27,22,10
2026-05-05,27,22,10
2026-05-12,28,22,10
2026-05-19,27,22,12
2026-05-26,27,20,8
2026-06-02,28,16,6
2026-06-09,25,15,6
2026-06-30,19,9,4
2026-07-07,19,8,4
2026-07-14,18,8,4
2026-07-28,26,8,3
2026-08-04,26,7,2
2026-08-11,26,9,2
2026-08-18,26,9,2
2026-08-25,28,11,2
2026-09-01,30,12,4
2026-09-08,27,12,4
2026-09-15,27,12,4
2026-09-22,26,12,5
2026-09-29,27,14,5
2026-10-06,25,13,5
