my_label,my_code,week_index,week_ending,net_sales_kt,commitment_kt,shipment_kt,cum_shipment_kt,china_net_kt,china_commit_kt,china_ship_kt,china_cum_ship_kt,noncn_net_kt,noncn_commit_kt,noncn_ship_kt,noncn_cum_ship_kt,progress_pct
2019/20,2020,1,2019-09-05,3050.012,9452.735,419.545,419.545,810.258,1070.258,205.963,205.963,2239.754,8382.477,213.582,213.582,20.64
2019/20,2020,2,2019-09-12,1728.123,11180.858,701.937,1121.482,593.221,1663.479,204.221,410.184,1134.902,9517.379,497.716,711.298,24.41
2019/20,2020,3,2019-09-19,968.197,12149.055,881.134,2002.616,391.391,2054.87,207.391,617.575,576.806,10094.185,673.743,1385.041,26.53
2019/20,2020,4,2019-09-26,2009.986,14159.041,851.228,2853.844,1557.782,3612.652,138.782,756.357,452.204,10546.389,712.446,2097.487,30.91
2019/20,2020,5,2019-10-03,2092.457,16251.498,1038.463,3892.307,1177.669,4790.321,139.669,896.026,914.788,11461.177,898.794,2996.281,35.48
2019/20,2020,6,2019-10-10,1600.988,17852.486,956.108,4848.415,850.522,5640.843,136.022,1032.048,750.466,12211.643,820.086,3816.367,38.98
2019/20,2020,7,2019-10-17,408.742,18261.228,1316.433,6164.848,68.33,5709.173,70.33,1102.378,340.412,12552.055,1246.103,5062.47,39.87
2019/20,2020,8,2019-10-24,886.688,19147.916,1666.409,7831.257,480.978,6190.151,535.978,1638.356,405.71,12957.765,1130.431,6192.901,41.81
2019/20,2020,9,2019-10-31,1750.41,20898.326,1502.464,9333.721,956.268,7146.419,821.268,2459.624,794.142,13751.907,681.196,6874.097,45.63
2019/20,2020,10,2019-11-07,1239.337,22137.663,1260.821,10594.542,760.527,7906.946,693.527,3153.151,478.81,14230.717,567.294,7441.391,48.34
2019/20,2020,11,2019-11-14,1458.787,23596.45,1649.476,12244.018,568.573,8475.519,873.573,4026.724,890.214,15120.931,775.903,8217.294,51.52
2019/20,2020,12,2019-11-21,1664.051,25260.501,2245.782,14489.8,831.163,9306.682,1531.163,5557.887,832.888,15953.819,714.619,8931.913,55.15
2019/20,2020,13,2019-11-28,683.783,25944.284,1498.145,15987.945,298.617,9605.299,1022.757,6580.644,385.166,16338.985,475.388,9407.301,56.65
2019/20,2020,14,2019-12-05,1050.138,26994.422,1443.227,17431.172,241.55,9846.849,897.549,7478.193,808.588,17147.573,545.678,9952.979,58.94
2019/20,2020,15,2019-12-12,1430.622,28425.044,1405.818,18836.99,689.575,10536.424,826.576,8304.769,741.047,17888.62,579.242,10532.221,62.06
2019/20,2020,16,2019-12-19,660.399,29085.443,931.554,19768.544,400.394,10936.818,348.468,8653.237,260.005,18148.625,583.086,11115.307,63.51
2019/20,2020,17,2019-12-26,330.344,29415.787,1076.436,20844.98,160.241,11097.059,418.925,9072.162,170.103,18318.728,657.511,11772.818,64.23
2019/20,2020,18,2020-01-02,355.542,29771.329,1118.845,21963.825,74.692,11171.751,353.794,9425.956,280.85,18599.578,765.051,12537.869,65.0
2019/20,2020,19,2020-01-09,642.085,30413.414,1209.033,23172.858,216.609,11388.36,412.609,9838.565,425.476,19025.054,796.424,13334.293,66.4
2019/20,2020,20,2020-01-16,790.006,31203.42,1053.087,24225.945,225.882,11614.242,447.677,10286.242,564.124,19589.178,605.41,13939.703,68.13
2019/20,2020,21,2020-01-23,400.575,31603.995,1162.106,25388.051,360.871,11975.113,556.871,10843.113,39.704,19628.882,605.235,14544.938,69.0
2019/20,2020,22,2020-01-30,637.836,32241.831,1382.334,26770.385,31.523,12006.636,552.523,11395.636,606.313,20235.195,829.811,15374.749,70.4
2019/20,2020,23,2020-02-06,626.848,32868.679,593.345,27363.73,132.009,12138.645,69.009,11464.645,494.839,20730.034,524.336,15899.085,71.77
2019/20,2020,24,2020-02-13,494.277,33362.956,957.812,28321.542,11.484,12150.129,269.484,11734.129,482.793,21212.827,688.328,16587.413,72.84
2019/20,2020,25,2020-02-20,339.309,33702.265,597.946,28919.488,71.684,12221.813,68.684,11802.813,267.625,21480.452,529.262,17116.675,73.59
2019/20,2020,26,2020-02-27,318.967,34021.232,669.481,29588.969,6.012,12227.825,132.012,11934.825,312.955,21793.407,537.469,17654.144,74.28
2019/20,2020,27,2020-03-05,238.184,34259.416,502.987,30091.956,-90.281,12137.544,139.719,12074.544,328.465,22121.872,363.268,18017.412,74.8
2019/20,2020,28,2020-03-12,587.933,34847.349,439.718,30531.674,6.0,12143.544,0.0,12074.544,581.933,22703.805,439.718,18457.13,76.09
2019/20,2020,29,2020-03-19,904.34,35751.689,607.102,31138.776,199.316,12342.86,64.329,12138.873,705.024,23408.829,542.773,18999.903,78.06
2019/20,2020,30,2020-03-26,957.417,36709.106,468.374,31607.15,131.0,12473.86,0.0,12138.873,826.417,24235.246,468.374,19468.277,80.15
2019/20,2020,31,2020-04-02,523.476,37232.582,362.024,31969.174,143.5,12617.36,5.937,12144.81,379.976,24615.222,356.087,19824.364,81.29
2019/20,2020,32,2020-04-09,244.708,37477.29,525.017,32494.191,5.869,12623.229,68.86,12213.67,238.839,24854.061,456.157,20280.521,81.83
2019/20,2020,33,2020-04-16,344.921,37822.211,528.568,33022.759,10.914,12634.143,135.918,12349.588,334.007,25188.068,392.65,20673.171,82.58
2019/20,2020,34,2020-04-23,1078.293,38900.504,570.286,33593.045,618.099,13252.242,10.375,12359.963,460.194,25648.262,559.911,21233.082,84.94
2019/20,2020,35,2020-04-30,653.114,39553.618,440.512,34033.557,287.873,13540.115,210.896,12570.859,365.241,26013.503,229.616,21462.698,86.36
2019/20,2020,36,2020-05-07,538.483,40092.101,356.794,34390.351,274.92,13815.035,73.427,12644.286,263.563,26277.066,283.367,21746.065,87.54
2019/20,2020,37,2020-05-14,1205.008,41297.109,500.047,34890.398,737.397,14552.432,76.704,12720.99,467.611,26744.677,423.343,22169.408,90.17
2019/20,2020,38,2020-05-21,644.258,41941.367,331.784,35222.182,192.372,14744.804,0.054,12721.044,451.886,27196.563,331.73,22501.138,91.58
2019/20,2020,39,2020-05-28,495.171,42436.538,483.033,35705.215,200.984,14945.788,8.778,12729.822,294.187,27490.75,474.255,22975.393,92.66
2019/20,2020,40,2020-06-04,1003.682,43440.22,292.619,35997.834,337.0,15282.788,0.824,12730.646,666.682,28157.432,291.795,23267.188,94.85
2019/20,2020,41,2020-06-11,538.124,43978.344,387.527,36385.361,320.038,15602.826,66.071,12796.717,218.086,28375.518,321.456,23588.644,96.02
2019/20,2020,42,2020-06-18,601.857,44580.201,302.359,36687.72,172.517,15775.343,83.825,12880.542,429.34,28804.858,218.534,23807.178,97.34
2019/20,2020,43,2020-06-25,241.678,44821.879,389.011,37076.731,-0.019,15775.324,1.867,12882.409,241.697,29046.555,387.144,24194.322,97.86
2019/20,2020,44,2020-07-02,952.193,45774.072,467.505,37544.236,461.356,16236.68,74.367,12956.776,490.837,29537.392,393.138,24587.46,99.94
2019/20,2020,45,2020-07-09,312.95,46087.022,575.333,38119.569,-5.784,16230.896,227.883,13184.659,318.734,29856.126,347.45,24934.91,100.63
2019/20,2020,46,2020-07-16,307.486,46394.508,409.518,38529.087,209.872,16440.768,71.322,13255.981,97.614,29953.74,338.196,25273.106,101.3
2019/20,2020,47,2020-07-23,200.91,46595.418,617.631,39146.718,-64.341,16376.427,135.632,13391.613,265.251,30218.991,481.999,25755.105,101.74
2019/20,2020,48,2020-07-30,345.199,46940.617,814.145,39960.863,58.704,16435.131,130.279,13521.892,286.495,30505.486,683.866,26438.971,102.49
2019/20,2020,49,2020-08-06,502.191,47442.808,1036.012,40996.875,352.588,16787.719,562.468,14084.36,149.603,30655.089,473.544,26912.515,103.59
2019/20,2020,50,2020-08-13,-149.696,47293.112,762.004,41758.879,-32.775,16754.944,411.5,14495.86,-116.921,30538.168,350.504,27263.019,103.26
2019/20,2020,51,2020-08-20,-9.044,47284.068,1216.883,42975.762,168.626,16923.57,762.857,15258.717,-177.67,30360.498,454.026,27717.045,103.24
2019/20,2020,52,2020-08-27,18.511,47302.579,809.324,43785.086,83.347,17006.917,465.347,15724.064,-64.836,30295.662,343.977,28061.022,103.28
2019/20,2020,53,2020-09-03,170.156,47472.735,1149.438,44934.524,15.151,17022.068,542.151,16266.215,155.005,30450.667,607.287,28668.309,103.65
2020/21,2021,1,2020-09-03,5642.515,29828.437,468.69,468.69,2348.758,15874.758,400.85,400.85,3293.757,13953.679,67.84,67.84,48.37
2020/21,2021,2,2020-09-10,2398.936,32227.373,1674.657,2143.347,1487.139,17361.897,1089.367,1490.217,911.797,14865.476,585.29,653.13,52.26
2020/21,2021,3,2020-09-17,3194.675,35422.048,1282.507,3425.854,1879.091,19240.988,769.309,2259.526,1315.584,16181.06,513.198,1166.328,57.44
2020/21,2021,4,2020-09-24,2591.201,38013.249,1139.55,4565.404,1328.67,20569.658,893.922,3153.448,1262.531,17443.591,245.628,1411.956,61.65
2020/21,2021,5,2020-10-01,2534.064,40547.313,2011.954,6577.358,1538.147,22107.805,1385.189,4538.637,995.917,18439.508,626.765,2038.721,65.76
2020/21,2021,6,2020-10-08,2576.644,43123.957,2329.387,8906.745,1592.507,23700.312,1743.294,6281.931,984.137,19423.645,586.093,2624.814,69.93
2020/21,2021,7,2020-10-15,2225.534,45349.491,2516.478,11423.223,1221.962,24922.274,1960.17,8242.101,1003.572,20427.217,556.308,3181.122,73.54
2020/21,2021,8,2020-10-22,1551.834,46901.325,2627.258,14050.481,1073.88,25996.154,1939.843,10181.944,477.954,20905.171,687.415,3868.537,76.06
2020/21,2021,9,2020-10-29,1530.522,48431.847,2528.151,16578.632,810.71,26806.864,1938.703,12120.647,719.812,21624.983,589.448,4457.985,78.54
2020/21,2021,10,2020-11-05,1399.801,49831.648,3141.392,19720.024,745.611,27552.475,2088.438,14209.085,654.19,22279.173,1052.954,5510.939,80.81
2020/21,2021,11,2020-11-12,1330.954,51162.602,2501.687,22221.711,1060.779,28613.254,1844.933,16054.018,270.175,22549.348,656.754,6167.693,82.97
2020/21,2021,12,2020-11-19,768.071,51930.673,2412.153,24633.864,578.724,29191.978,1668.027,17722.045,189.347,22738.695,744.126,6911.819,84.22
2020/21,2021,13,2020-11-26,340.01,52270.683,2425.646,27059.51,476.851,29668.829,2012.174,19734.219,-136.841,22601.854,413.472,7325.291,84.77
2020/21,2021,14,2020-12-03,545.669,52816.352,2667.945,29727.455,685.404,30354.233,1899.05,21633.269,-139.735,22462.119,768.895,8094.186,85.65
2020/21,2021,15,2020-12-10,853.163,53669.515,2520.309,32247.764,919.706,31273.939,1702.069,23335.338,-66.543,22395.576,818.24,8912.426,87.04
2020/21,2021,16,2020-12-17,222.227,53891.742,2387.877,34635.641,449.403,31723.342,1297.554,24632.892,-227.176,22168.4,1090.323,10002.749,87.4
2020/21,2021,17,2020-12-24,695.398,54587.14,2438.391,37074.032,619.726,32343.068,1465.023,26097.915,75.672,22244.072,973.368,10976.117,88.52
2020/21,2021,18,2020-12-31,-22.353,54564.787,1797.659,38871.691,369.047,32712.115,1084.399,27182.314,-391.4,21852.672,713.26,11689.377,88.49
2020/21,2021,19,2021-01-07,908.003,55472.79,2039.961,40911.652,758.267,33470.382,1166.012,28348.326,149.736,22002.408,873.949,12563.326,89.96
2020/21,2021,20,2021-01-14,1817.696,57290.486,2379.123,43290.775,864.059,34334.441,1349.912,29698.238,953.637,22956.045,1029.211,13592.537,92.91
2020/21,2021,21,2021-01-21,466.041,57756.527,2194.51,45485.285,322.542,34656.983,1342.458,31040.696,143.499,23099.544,852.052,14444.589,93.66
2020/21,2021,22,2021-01-28,766.458,58522.985,1905.901,47391.186,598.889,35255.872,1263.636,32304.332,167.569,23267.113,642.265,15086.854,94.91
2020/21,2021,23,2021-02-04,660.335,59183.32,2069.527,49460.713,517.027,35772.899,1154.816,33459.148,143.308,23410.421,914.711,16001.565,95.98
2020/21,2021,24,2021-02-11,455.944,59639.264,1000.193,50460.906,19.382,35792.281,400.283,33859.431,436.562,23846.983,599.91,16601.475,96.72
2020/21,2021,25,2021-02-18,98.842,59738.106,984.645,51445.551,-45.698,35746.583,223.887,34083.318,144.54,23991.523,760.758,17362.233,96.88
2020/21,2021,26,2021-02-25,265.907,60004.013,1092.686,52538.237,-61.736,35684.847,320.637,34403.955,327.643,24319.166,772.049,18134.282,97.31
2020/21,2021,27,2021-03-04,350.634,60354.647,705.055,53243.292,90.244,35775.091,224.774,34628.729,260.39,24579.556,480.281,18614.563,97.88
2020/21,2021,28,2021-03-11,202.406,60557.053,534.124,53777.416,71.525,35846.616,82.014,34710.743,130.881,24710.437,452.11,19066.673,98.2
2020/21,2021,29,2021-03-18,101.822,60658.875,501.409,54278.825,0.649,35847.265,13.514,34724.257,101.173,24811.61,487.895,19554.568,98.37
2020/21,2021,30,2021-03-25,105.761,60764.636,460.892,54739.717,123.973,35971.238,79.013,34803.27,-18.212,24793.398,381.879,19936.447,98.54
2020/21,2021,31,2021-04-01,-92.461,60672.175,345.17,55084.887,-216.145,35755.093,14.368,34817.638,123.684,24917.082,330.802,20267.249,98.39
2020/21,2021,32,2021-04-08,90.448,60762.623,413.108,55497.995,-55.001,35700.092,91.631,34909.269,145.449,25062.531,321.477,20588.726,98.54
2020/21,2021,33,2021-04-15,64.299,60826.922,226.414,55724.409,-51.215,35648.877,25.475,34934.744,115.514,25178.045,200.939,20789.665,98.64
2020/21,2021,34,2021-04-22,292.509,61119.431,340.405,56064.814,62.5,35711.377,10.669,34945.413,230.009,25408.054,329.736,21119.401,99.12
2020/21,2021,35,2021-04-29,165.259,61284.69,264.055,56328.869,-9.855,35701.522,27.323,34972.736,175.114,25583.168,236.732,21356.133,99.38
2020/21,2021,36,2021-05-06,94.341,61379.031,285.212,56614.081,2.674,35704.196,10.362,34983.098,91.667,25674.835,274.85,21630.983,99.54
2020/21,2021,37,2021-05-13,84.193,61463.224,335.584,56949.665,-7.677,35696.519,5.237,34988.335,91.87,25766.705,330.347,21961.33,99.67
2020/21,2021,38,2021-05-20,55.93,61519.154,294.551,57244.216,6.881,35703.4,12.681,35001.016,49.049,25815.754,281.87,22243.2,99.77
2020/21,2021,39,2021-05-27,6.02,61525.174,209.999,57454.215,3.727,35707.127,9.08,35010.096,2.293,25818.047,200.919,22444.119,99.77
2020/21,2021,40,2021-06-03,15.673,61540.847,278.687,57732.902,2.008,35709.135,6.606,35016.702,13.665,25831.712,272.081,22716.2,99.8
2020/21,2021,41,2021-06-10,65.282,61606.129,148.334,57881.236,2.527,35711.662,4.491,35021.193,62.755,25894.467,143.843,22860.043,99.91
2020/21,2021,42,2021-06-17,141.669,61747.798,243.176,58124.412,65.965,35777.627,4.886,35026.079,75.704,25970.171,238.29,23098.333,100.14
2020/21,2021,43,2021-06-24,92.751,61840.549,148.479,58272.891,31.153,35808.78,9.47,35035.549,61.598,26031.769,139.009,23237.342,100.29
2020/21,2021,44,2021-07-01,63.808,61904.357,221.15,58494.041,18.067,35826.847,6.296,35041.845,45.741,26077.51,214.854,23452.196,100.39
2020/21,2021,45,2021-07-08,21.653,61926.01,197.73,58691.771,0.0,35826.847,1.515,35043.36,21.653,26099.163,196.215,23648.411,100.42
2020/21,2021,46,2021-07-15,62.038,61988.048,164.068,58855.839,-0.578,35826.269,1.652,35045.012,62.616,26161.779,162.416,23810.827,100.53
2020/21,2021,47,2021-07-22,-79.276,61908.772,244.204,59100.043,0.024,35826.293,0.693,35045.705,-79.3,26082.479,243.511,24054.338,100.4
2020/21,2021,48,2021-07-29,11.381,61920.153,215.605,59315.648,-41.036,35785.257,28.474,35074.179,52.417,26134.896,187.131,24241.469,100.42
2020/21,2021,49,2021-08-05,96.921,62017.074,129.705,59445.353,84.493,35869.75,0.338,35074.517,12.428,26147.324,129.367,24370.836,100.57
2020/21,2021,50,2021-08-12,67.687,62084.761,257.977,59703.33,92.276,35962.026,144.156,35218.673,-24.589,26122.735,113.821,24484.657,100.68
2020/21,2021,51,2021-08-19,75.118,62159.879,260.059,59963.389,90.805,36052.831,71.231,35289.904,-15.687,26107.048,188.828,24673.485,100.8
2020/21,2021,52,2021-08-26,68.224,62228.103,324.024,60287.413,26.205,36079.036,71.611,35361.515,42.019,26149.067,252.413,24925.898,100.91
2020/21,2021,53,2021-09-02,148.224,62376.327,283.073,60570.486,-0.214,36078.822,1.525,35363.04,148.438,26297.505,281.548,25207.446,101.16
2021/22,2022,1,2021-09-02,3277.758,21025.241,13.826,13.826,1479.782,9422.282,0.0,0.0,1797.976,11602.959,13.826,13.826,35.9
2021/22,2022,2,2021-09-09,1264.245,22289.486,244.431,258.257,945.211,10367.493,139.752,139.752,319.034,11921.993,104.679,118.505,38.06
2021/22,2022,3,2021-09-16,902.896,23192.382,274.446,532.703,624.15,10991.643,66.207,205.959,278.746,12200.739,208.239,326.744,39.6
2021/22,2022,4,2021-09-23,1007.578,24199.96,442.439,975.142,776.482,11768.125,292.213,498.172,231.096,12431.835,150.226,476.97,41.32
2021/22,2022,5,2021-09-30,971.226,25171.186,869.532,1844.674,671.307,12439.432,276.793,774.965,299.919,12731.754,592.739,1069.709,42.98
2021/22,2022,6,2021-10-07,1147.834,26319.02,1713.814,3558.488,640.013,13079.445,1285.471,2060.436,507.821,13239.575,428.343,1498.052,44.94
2021/22,2022,7,2021-10-14,2751.109,29070.129,2080.011,5638.499,1884.405,14963.85,1659.52,3719.956,866.704,14106.279,420.491,1918.543,49.63
2021/22,2022,8,2021-10-21,1069.926,30140.055,2292.32,7930.819,1080.986,16044.836,1790.614,5510.57,-11.06,14095.219,501.706,2420.249,51.46
2021/22,2022,9,2021-10-28,1863.912,32003.967,2650.461,10581.28,1207.324,17252.16,1864.486,7375.056,656.588,14751.807,785.975,3206.224,54.64
2021/22,2022,10,2021-11-04,1219.393,33223.36,3631.691,14212.971,869.282,18121.442,2267.748,9642.804,350.111,15101.918,1363.943,4570.167,56.72
2021/22,2022,11,2021-11-11,1315.805,34539.165,2277.318,16490.289,727.472,18848.914,1657.235,11300.039,588.333,15690.251,620.083,5190.25,58.97
2021/22,2022,12,2021-11-18,1564.459,36103.624,2252.978,18743.267,882.462,19731.376,1410.739,12710.778,681.997,16372.248,842.239,6032.489,61.64
2021/22,2022,13,2021-11-25,1063.405,37167.029,2327.104,21070.371,657.098,20388.474,1410.23,14121.008,406.307,16778.555,916.874,6949.363,63.46
2021/22,2022,14,2021-12-02,1572.957,38739.986,2368.983,23439.354,893.36,21281.834,1470.581,15591.589,679.597,17458.152,898.402,7847.765,66.14
2021/22,2022,15,2021-12-09,1308.569,40048.555,1918.211,25357.565,985.843,22267.677,1037.697,16629.286,322.726,17780.878,880.514,8728.279,68.38
2021/22,2022,16,2021-12-16,746.584,40795.139,1789.785,27147.35,730.378,22998.055,1050.583,17679.869,16.206,17797.084,739.202,9467.481,69.65
2021/22,2022,17,2021-12-23,524.023,41319.162,1723.421,28870.771,432.819,23430.874,944.59,18624.459,91.204,17888.288,778.831,10246.312,70.55
2021/22,2022,18,2021-12-30,382.669,41701.831,1742.808,30613.579,353.878,23784.752,912.952,19537.411,28.791,17917.079,829.856,11076.168,71.2
2021/22,2022,19,2022-01-06,735.598,42437.429,1020.128,31633.707,301.795,24086.547,489.028,20026.439,433.803,18350.882,531.1,11607.268,72.46
2021/22,2022,20,2022-01-13,671.001,43108.43,1804.625,33438.332,797.049,24883.596,1251.301,21277.74,-126.048,18224.834,553.324,12160.592,73.6
2021/22,2022,21,2022-01-20,1025.545,44133.975,1594.116,35032.448,540.219,25423.815,844.43,22122.17,485.326,18710.16,749.686,12910.278,75.35
2021/22,2022,22,2022-01-27,1029.525,45163.5,1262.916,36295.364,-28.554,25395.261,723.371,22845.541,1058.079,19768.239,539.545,13449.823,77.11
2021/22,2022,23,2022-02-03,1596.208,46759.708,1301.447,37596.811,298.143,25693.404,726.637,23572.178,1298.065,21066.304,574.81,14024.633,79.84
2021/22,2022,24,2022-02-10,1317.229,48076.937,1168.442,38765.253,224.516,25917.92,575.714,24147.892,1092.713,22159.017,592.728,14617.361,82.08
2021/22,2022,25,2022-02-17,1232.513,49309.45,1260.085,40025.338,291.379,26209.299,392.974,24540.866,941.134,23100.151,867.111,15484.472,84.19
2021/22,2022,26,2022-02-24,857.029,50166.479,750.961,40776.299,-14.996,26194.303,410.682,24951.548,872.025,23972.176,340.279,15824.751,85.65
2021/22,2022,27,2022-03-03,2204.29,52370.769,834.852,41611.151,1096.407,27290.71,304.595,25256.143,1107.883,25080.059,530.257,16355.008,89.42
2021/22,2022,28,2022-03-10,1253.181,53623.95,714.324,42325.475,395.544,27686.254,370.154,25626.297,857.637,25937.696,344.17,16699.178,91.56
2021/22,2022,29,2022-03-17,412.213,54036.163,549.224,42874.699,32.478,27718.732,161.686,25787.983,379.735,26317.431,387.538,17086.716,92.26
2021/22,2022,30,2022-03-24,1249.803,55285.966,614.184,43488.883,593.199,28311.931,331.871,26119.854,656.604,26974.035,282.313,17369.029,94.39
2021/22,2022,31,2022-03-31,800.746,56086.712,832.798,44321.681,435.665,28747.596,458.761,26578.615,365.081,27339.116,374.037,17743.066,95.76
2021/22,2022,32,2022-04-07,548.913,56635.625,806.538,45128.219,435.507,29183.103,415.347,26993.962,113.406,27452.522,391.191,18134.257,96.7
2021/22,2022,33,2022-04-14,460.244,57095.869,889.017,46017.236,496.388,29679.491,294.008,27287.97,-36.144,27416.378,595.009,18729.266,97.48
2021/22,2022,34,2022-04-21,481.317,57577.186,710.878,46728.114,165.108,29844.599,279.866,27567.836,316.209,27732.587,431.012,19160.278,98.3
2021/22,2022,35,2022-04-28,734.613,58311.799,563.689,47291.803,200.765,30045.364,177.982,27745.818,533.848,28266.435,385.707,19545.985,99.56
2021/22,2022,36,2022-05-05,143.699,58455.498,471.736,47763.539,5.228,30050.592,147.48,27893.298,138.471,28404.906,324.256,19870.241,99.8
2021/22,2022,37,2022-05-12,752.689,59208.187,957.153,48720.692,392.599,30443.191,230.801,28124.099,360.09,28764.996,726.352,20596.593,101.09
2021/22,2022,38,2022-05-19,210.84,59419.027,473.505,49194.197,-108.379,30334.812,169.716,28293.815,319.219,29084.215,303.789,20900.382,101.45
2021/22,2022,39,2022-05-26,43.141,59462.168,337.928,49532.125,-72.232,30262.58,69.976,28363.791,115.373,29199.588,267.952,21168.334,101.52
2021/22,2022,40,2022-06-02,429.945,59892.113,476.544,50008.669,128.861,30391.441,14.924,28378.715,301.084,29500.672,461.62,21629.954,102.26
2021/22,2022,41,2022-06-09,248.632,60140.745,640.144,50648.813,135.438,30526.879,74.604,28453.319,113.194,29613.866,565.54,22195.494,102.68
2021/22,2022,42,2022-06-16,29.348,60170.093,494.055,51142.868,6.3,30533.179,73.175,28526.494,23.048,29636.914,420.88,22616.374,102.73
2021/22,2022,43,2022-06-23,-184.234,59985.859,453.634,51596.502,16.402,30549.581,93.544,28620.038,-200.636,29436.278,360.09,22976.464,102.42
2021/22,2022,44,2022-06-30,-228.821,59757.038,436.094,52032.596,-59.168,30490.413,74.201,28694.239,-169.653,29266.625,361.893,23338.357,102.03
2021/22,2022,45,2022-07-07,-362.885,59394.153,440.944,52473.54,-130.759,30359.654,84.835,28779.074,-232.126,29034.499,356.109,23694.466,101.41
2021/22,2022,46,2022-07-14,203.465,59597.618,499.879,52973.419,146.929,30506.583,139.971,28919.045,56.536,29091.035,359.908,24054.374,101.75
2021/22,2022,47,2022-07-21,-58.596,59539.022,395.394,53368.813,-30.848,30475.735,3.024,28922.069,-27.748,29063.287,392.37,24446.744,101.65
2021/22,2022,48,2022-07-28,-11.005,59528.017,527.605,53896.418,124.842,30600.577,52.761,28974.83,-135.847,28927.44,474.844,24921.588,101.64
2021/22,2022,49,2022-08-04,-66.71,59461.307,894.474,54790.892,-66.366,30534.211,247.54,29222.37,-0.344,28927.096,646.934,25568.522,101.52
2021/22,2022,50,2022-08-11,96.892,59558.199,691.092,55481.984,80.836,30615.047,284.991,29507.361,16.056,28943.152,406.101,25974.623,101.69
2021/22,2022,51,2022-08-18,0.0,59558.199,0.0,55481.984,0.0,30615.047,0.0,29507.361,0.0,28943.152,0.0,25974.623,101.69
2021/22,2022,52,2022-08-25,222.91,59781.109,1282.779,56764.763,197.115,30812.162,514.868,30022.229,25.795,28968.947,767.911,26742.534,102.07
2021/22,2022,53,2022-09-01,-112.47,59668.639,424.085,57188.848,2.961,30815.123,196.76,30218.989,-115.431,28853.516,227.325,26969.859,101.88
2022/23,2023,1,2022-09-01,3947.846,24438.022,46.592,46.592,1288.731,12731.236,0.0,0.0,2659.115,11706.786,46.592,46.592,45.37
2022/23,2023,2,2022-09-08,842.989,25281.011,375.918,422.51,441.713,13172.949,166.978,166.978,401.276,12108.062,208.94,255.532,46.93
2022/23,2023,3,2022-09-15,446.364,25727.375,522.535,945.045,152.496,13325.445,147.756,314.734,293.868,12401.93,374.779,630.311,47.76
2022/23,2023,4,2022-09-22,1003.017,26730.392,269.208,1214.253,548.658,13874.103,78.71,393.444,454.359,12856.289,190.498,820.809,49.63
2022/23,2023,5,2022-09-29,733.706,27464.098,574.13,1788.383,157.063,14031.166,65.511,458.955,576.643,13432.932,508.619,1329.428,50.99
2022/23,2023,6,2022-10-06,724.405,28188.503,887.954,2676.337,622.256,14653.422,607.1,1066.055,102.149,13535.081,280.854,1610.282,52.33
2022/23,2023,7,2022-10-13,2252.726,30441.229,1813.956,4490.293,1976.154,16629.576,1400.67,2466.725,276.572,13811.653,413.286,2023.568,56.51
2022/23,2023,8,2022-10-20,1026.381,31467.61,2748.615,7238.908,1115.585,17745.161,2151.259,4617.984,-89.204,13722.449,597.356,2620.924,58.42
2022/23,2023,9,2022-10-27,760.621,32228.231,2582.254,9821.162,744.983,18490.144,1994.94,6612.924,15.638,13738.087,587.314,3208.238,59.83
2022/23,2023,10,2022-11-03,655.229,32883.46,2612.7,12433.862,927.113,19417.257,1968.169,8581.093,-271.884,13466.203,644.531,3852.769,61.05
2022/23,2023,11,2022-11-10,2960.367,35843.827,2012.048,14445.91,1542.447,20959.704,1309.637,9890.73,1417.92,14884.123,702.411,4555.18,66.55
2022/23,2023,12,2022-11-17,610.215,36454.042,2352.673,16798.583,715.188,21674.892,1901.773,11792.503,-104.973,14779.15,450.9,5006.08,67.68
2022/23,2023,13,2022-11-24,623.363,37077.405,2046.57,18845.153,927.379,22602.271,1510.356,13302.859,-304.016,14475.134,536.214,5542.294,68.84
2022/23,2023,14,2022-12-01,1716.221,38793.626,2247.641,21092.794,839.567,23441.838,1669.667,14972.526,876.654,15351.788,577.974,6120.268,72.02
2022/23,2023,15,2022-12-08,2875.009,41668.635,1777.63,22870.424,1184.226,24626.064,990.539,15963.065,1690.783,17042.571,787.091,6907.359,77.36
2022/23,2023,16,2022-12-15,664.844,42333.479,1918.361,24788.785,479.566,25105.63,1409.232,17372.297,185.278,17227.849,509.129,7416.488,78.59
2022/23,2023,17,2022-12-22,563.257,42896.736,1705.947,26494.732,521.181,25626.811,1077.768,18450.065,42.076,17269.925,628.179,8044.667,79.64
2022/23,2023,18,2022-12-29,720.997,43617.733,1478.296,27973.028,421.791,26048.602,899.489,19349.554,299.206,17569.131,578.807,8623.474,80.98
2022/23,2023,19,2023-01-05,717.415,44335.148,1620.72,29593.748,676.646,26725.248,1134.828,20484.382,40.769,17609.9,485.892,9109.366,82.31
2022/23,2023,20,2023-01-12,986.196,45321.344,2066.189,31659.937,506.993,27232.241,1366.888,21851.27,479.203,18089.103,699.301,9808.667,84.14
2022/23,2023,21,2023-01-19,1145.723,46467.067,1900.328,33560.265,940.256,28172.497,1172.222,23023.492,205.467,18294.57,728.106,10536.773,86.27
2022/23,2023,22,2023-01-26,667.954,47135.021,1891.607,35451.872,782.402,28954.899,1415.296,24438.788,-114.448,18180.122,476.311,11013.084,87.51
2022/23,2023,23,2023-02-02,373.892,47508.913,1743.076,37194.948,518.908,29473.807,1181.885,25620.673,-145.016,18035.106,561.191,11574.275,88.2
2022/23,2023,24,2023-02-09,456.124,47965.037,1846.566,39041.514,283.645,29757.452,1107.326,26727.999,172.479,18207.585,739.24,12313.515,89.05
2022/23,2023,25,2023-02-16,419.672,48384.709,1614.468,40655.982,176.247,29933.699,1057.815,27785.814,243.425,18451.01,556.653,12870.168,89.83
2022/23,2023,26,2023-02-23,308.407,48693.116,828.577,41484.559,218.384,30152.083,432.064,28217.878,90.023,18541.033,396.513,13266.681,90.4
2022/23,2023,27,2023-03-02,-23.234,48669.882,580.955,42065.514,178.527,30330.61,262.177,28480.055,-201.761,18339.272,318.778,13585.459,90.36
2022/23,2023,28,2023-03-09,655.424,49325.306,763.872,42829.386,208.097,30538.707,196.156,28676.211,447.327,18786.599,567.716,14153.175,91.57
2022/23,2023,29,2023-03-16,87.459,49412.765,639.261,43468.647,137.669,30676.376,420.928,29097.139,-50.21,18736.389,218.333,14371.508,91.74
2022/23,2023,30,2023-03-23,348.177,49760.942,1038.967,44507.614,153.038,30829.414,543.214,29640.353,195.139,18931.528,495.753,14867.261,92.38
2022/23,2023,31,2023-03-30,155.292,49916.234,558.688,45066.302,162.027,30991.441,298.93,29939.283,-6.735,18924.793,259.758,15127.019,92.67
2022/23,2023,32,2023-04-06,214.472,50130.706,533.909,45600.211,13.271,31004.712,365.602,30304.885,201.201,19125.994,168.307,15295.326,93.07
2022/23,2023,33,2023-04-13,-28.19,50102.516,454.479,46054.69,35.055,31039.767,296.673,30601.558,-63.245,19062.749,157.806,15453.132,93.02
2022/23,2023,34,2023-04-20,311.252,50413.768,453.708,46508.398,5.305,31045.072,140.63,30742.188,305.947,19368.696,313.078,15766.21,93.59
2022/23,2023,35,2023-04-27,289.73,50703.498,561.235,47069.633,134.314,31179.386,190.769,30932.957,155.416,19524.112,370.466,16136.676,94.13
2022/23,2023,36,2023-05-04,4.447,50707.945,353.296,47422.929,-6.0,31173.386,72.339,31005.296,10.447,19534.559,280.957,16417.633,94.14
2022/23,2023,37,2023-05-11,16.95,50724.895,189.143,47612.072,-119.18,31054.206,4.511,31009.807,136.13,19670.689,184.632,16602.265,94.17
2022/23,2023,38,2023-05-18,115.042,50839.937,287.327,47899.399,25.029,31079.235,12.208,31022.015,90.013,19760.702,275.119,16877.384,94.39
2022/23,2023,39,2023-05-25,123.396,50963.333,230.813,48130.212,7.018,31086.253,2.829,31024.844,116.378,19877.08,227.984,17105.368,94.61
2022/23,2023,40,2023-06-01,207.236,51170.569,247.583,48377.795,10.035,31096.288,0.668,31025.512,197.201,20074.281,246.915,17352.283,95.0
2022/23,2023,41,2023-06-08,478.368,51648.937,141.312,48519.107,19.607,31115.895,7.642,31033.154,458.761,20533.042,133.67,17485.953,95.89
2022/23,2023,42,2023-06-15,457.543,52106.48,387.766,48906.873,49.591,31165.486,53.511,31086.665,407.952,20940.994,334.255,17820.208,96.74
2022/23,2023,43,2023-06-22,227.375,52333.855,191.027,49097.9,3.805,31169.291,6.855,31093.52,223.57,21164.564,184.172,18004.38,97.16
2022/23,2023,44,2023-06-29,131.156,52465.011,209.424,49307.324,0.0,31169.291,3.832,31097.352,131.156,21295.72,205.592,18209.972,97.4
2022/23,2023,45,2023-07-06,39.616,52504.627,297.643,49604.967,3.063,31172.354,6.2,31103.552,36.553,21332.273,291.443,18501.415,97.48
2022/23,2023,46,2023-07-13,61.66,52566.287,174.777,49779.744,0.0,31172.354,7.368,31110.92,61.66,21393.933,167.409,18668.824,97.59
2022/23,2023,47,2023-07-20,145.402,52711.689,326.513,50106.257,43.316,31215.67,5.071,31115.991,102.086,21496.019,321.442,18990.266,97.86
2022/23,2023,48,2023-07-27,34.106,52745.795,288.397,50394.654,4.882,31220.552,1.604,31117.595,29.224,21525.243,286.793,19277.059,97.92
2022/23,2023,49,2023-08-03,348.393,53094.188,322.972,50717.626,14.784,31235.336,7.881,31125.476,333.609,21858.852,315.091,19592.15,98.57
2022/23,2023,50,2023-08-10,-48.54,53045.648,292.071,51009.697,21.035,31256.371,5.464,31130.94,-69.575,21789.277,286.607,19878.757,98.48
2022/23,2023,51,2023-08-17,279.686,53325.334,363.895,51373.592,15.0,31271.371,0.865,31131.805,264.686,22053.963,363.03,20241.787,99.0
2022/23,2023,52,2023-08-24,-50.665,53274.669,319.738,51693.33,105.628,31376.999,105.922,31237.727,-156.293,21897.67,213.816,20455.603,98.91
2022/23,2023,53,2023-08-31,155.603,53430.272,514.196,52207.526,141.808,31518.807,143.105,31380.832,13.795,21911.465,371.091,20826.694,99.19
2023/24,2024,1,2023-09-07,703.862,16644.89,408.378,408.378,295.523,6668.2,116.037,116.037,408.339,9976.69,292.341,292.341,35.91
2023/24,2024,2,2023-09-14,377.728,17022.618,488.549,896.927,208.589,6876.789,183.279,299.316,169.139,10145.829,305.27,597.611,36.73
2023/24,2024,3,2023-09-21,621.043,17643.661,492.094,1389.021,581.245,7458.034,327.012,626.328,39.798,10185.627,165.082,762.693,38.07
2023/24,2024,4,2023-09-28,808.486,18452.147,671.463,2060.484,589.216,8047.25,372.714,999.042,219.27,10404.897,298.749,1061.442,39.81
2023/24,2024,5,2023-10-05,972.001,19424.148,1351.103,3411.587,884.144,8931.394,1012.577,2011.619,87.857,10492.754,338.526,1399.968,41.91
2023/24,2024,6,2023-10-12,1371.875,20796.023,1990.481,5402.068,946.681,9878.075,1349.547,3361.166,425.194,10917.948,640.934,2040.902,44.87
2023/24,2024,7,2023-10-19,1354.858,22150.881,2361.294,7763.362,1166.974,11045.049,1999.07,5360.236,187.884,11105.832,362.224,2403.126,47.79
2023/24,2024,8,2023-10-26,1010.009,23160.89,1991.366,9754.728,976.841,12021.89,1667.439,7027.675,33.168,11139.0,323.927,2727.053,49.97
2023/24,2024,9,2023-11-02,1079.531,24240.421,2236.528,11991.256,691.704,12713.594,1587.408,8615.083,387.827,11526.827,649.12,3376.173,52.3
2023/24,2024,10,2023-11-09,3853.236,28093.657,1926.189,13917.445,2614.614,15328.208,1221.727,9836.81,1238.622,12765.449,704.462,4080.635,60.61
2023/24,2024,11,2023-11-16,893.261,28986.918,1592.337,15509.782,757.413,16085.621,1045.89,10882.7,135.848,12901.297,546.447,4627.082,62.54
2023/24,2024,12,2023-11-23,1895.319,30882.237,1477.736,16987.518,892.263,16977.884,994.451,11877.151,1003.056,13904.353,483.285,5110.367,66.63
2023/24,2024,13,2023-11-30,1404.386,32286.623,1222.129,18209.647,565.248,17543.132,444.279,12321.43,839.138,14743.491,777.85,5888.217,69.66
2023/24,2024,14,2023-12-07,999.003,33285.626,1074.729,19284.376,718.343,18261.475,588.704,12910.134,280.66,15024.151,486.025,6374.242,71.81
2023/24,2024,15,2023-12-14,1989.428,35275.054,1329.059,20613.435,700.448,18961.923,572.087,13482.221,1288.98,16313.131,756.972,7131.214,76.11
2023/24,2024,16,2023-12-21,849.585,36124.639,1081.669,21695.104,576.765,19538.688,435.789,13918.01,272.82,16585.951,645.88,7777.094,77.94
2023/24,2024,17,2023-12-28,201.646,36326.285,1000.62,22695.724,71.574,19610.262,472.577,14390.587,130.072,16716.023,528.043,8305.137,78.37
2023/24,2024,18,2024-01-04,280.398,36606.683,862.277,23558.001,81.855,19692.117,357.291,14747.878,198.543,16914.566,504.986,8810.123,78.98
2023/24,2024,19,2024-01-11,781.277,37387.96,1670.72,25228.721,465.113,20157.23,781.892,15529.77,316.164,17230.73,888.828,9698.951,80.66
2023/24,2024,20,2024-01-18,560.869,37948.829,1117.528,26346.249,563.413,20720.643,797.172,16326.942,-2.544,17228.186,320.356,10019.307,81.87
2023/24,2024,21,2024-01-25,164.475,38113.304,949.899,27296.148,134.775,20855.418,407.053,16733.995,29.7,17257.886,542.846,10562.153,82.23
2023/24,2024,22,2024-02-01,206.314,38319.618,1520.302,28816.45,307.78,21163.198,1152.122,17886.117,-101.466,17156.42,368.18,10930.333,82.67
2023/24,2024,23,2024-02-08,283.977,38603.595,1383.688,30200.138,414.121,21577.319,892.218,18778.335,-130.144,17026.276,491.47,11421.803,83.29
2023/24,2024,24,2024-02-15,55.919,38659.514,1197.121,31397.259,391.71,21969.029,659.914,19438.249,-335.791,16690.485,537.207,11959.01,83.41
2023/24,2024,25,2024-02-22,16.989,38676.503,958.949,32356.208,154.818,22123.847,689.025,20127.274,-137.829,16552.656,269.924,12228.934,83.44
2023/24,2024,26,2024-02-29,613.534,39290.037,1418.034,33774.242,269.125,22392.972,980.019,21107.293,344.409,16897.065,438.015,12666.949,84.77
2023/24,2024,27,2024-03-07,306.978,39597.015,878.856,34653.098,256.144,22649.116,400.287,21507.58,50.834,16947.899,478.569,13145.518,85.43
2023/24,2024,28,2024-03-14,494.028,40091.043,773.126,35426.224,304.447,22953.563,607.961,22115.541,189.581,17137.48,165.165,13310.683,86.5
2023/24,2024,29,2024-03-21,263.859,40354.902,785.59,36211.814,347.276,23300.839,464.442,22579.983,-83.417,17054.063,321.148,13631.831,87.07
2023/24,2024,30,2024-03-28,136.72,40491.622,491.561,36703.375,153.85,23454.689,284.661,22864.644,-17.13,17036.933,206.9,13838.731,87.36
2023/24,2024,31,2024-04-04,305.257,40796.879,503.445,37206.82,69.346,23524.035,228.622,23093.266,235.911,17272.844,274.823,14113.554,88.02
2023/24,2024,32,2024-04-11,485.795,41282.674,480.988,37687.808,131.02,23655.055,195.957,23289.223,354.775,17627.619,285.031,14398.585,89.07
2023/24,2024,33,2024-04-18,210.899,41493.573,417.541,38105.349,167.524,23822.579,222.101,23511.324,43.375,17670.994,195.44,14594.025,89.52
2023/24,2024,34,2024-04-25,413.997,41907.57,269.101,38374.45,-1.013,23821.566,9.064,23520.388,415.01,18086.004,260.037,14854.062,90.42
2023/24,2024,35,2024-05-02,428.898,42336.468,304.482,38678.932,18.035,23839.601,91.545,23611.933,410.863,18496.867,212.937,15066.999,91.34
2023/24,2024,36,2024-05-09,265.733,42602.201,443.545,39122.477,-0.637,23838.964,83.489,23695.422,266.37,18763.237,360.056,15427.055,91.91
2023/24,2024,37,2024-05-16,279.402,42881.603,258.783,39381.26,2.5,23841.464,5.089,23700.511,276.902,19040.139,253.694,15680.749,92.52
2023/24,2024,38,2024-05-23,329.427,43211.03,208.363,39589.623,71.074,23912.538,79.347,23779.858,258.353,19298.492,129.016,15809.765,93.23
2023/24,2024,39,2024-05-30,189.557,43400.587,387.876,39977.499,-0.742,23911.796,86.936,23866.794,190.299,19488.791,300.94,16110.705,93.64
2023/24,2024,40,2024-06-06,320.506,43721.093,158.749,40136.248,109.057,24020.853,10.424,23877.218,211.449,19700.24,148.325,16259.03,94.33
2023/24,2024,41,2024-06-13,498.156,44219.249,282.654,40418.902,213.7,24234.553,8.506,23885.724,284.456,19984.696,274.148,16533.178,95.4
2023/24,2024,42,2024-06-20,282.868,44502.117,391.907,40810.809,77.7,24312.253,2.398,23888.122,205.168,20189.864,389.509,16922.687,96.01
2023/24,2024,43,2024-06-27,169.839,44671.956,245.537,41056.346,66.5,24378.753,1.878,23890.0,103.339,20293.203,243.659,17166.346,96.38
2023/24,2024,44,2024-07-04,150.352,44822.308,209.685,41266.031,13.045,24391.798,3.823,23893.823,137.307,20430.51,205.862,17372.208,96.7
2023/24,2024,45,2024-07-11,228.111,45050.419,200.752,41466.783,5.0,24396.798,2.468,23896.291,223.111,20653.621,198.284,17570.492,97.2
2023/24,2024,46,2024-07-18,88.649,45139.068,368.524,41835.307,19.375,24416.173,6.11,23902.401,69.274,20722.895,362.414,17932.906,97.39
2023/24,2024,47,2024-07-25,252.041,45391.109,441.245,42276.552,-4.922,24411.251,2.597,23904.998,256.963,20979.858,438.648,18371.554,97.93
2023/24,2024,48,2024-08-01,325.423,45716.532,351.95,42628.502,134.46,24545.711,11.631,23916.629,190.963,21170.821,340.319,18711.873,98.63
2023/24,2024,49,2024-08-08,136.803,45853.335,345.794,42974.296,-38.001,24507.71,56.506,23973.135,174.804,21345.625,289.288,19001.161,98.93
2023/24,2024,50,2024-08-15,-43.745,45809.59,421.837,43396.133,-52.374,24455.336,54.95,24028.085,8.629,21354.254,366.887,19368.048,98.83
2023/24,2024,51,2024-08-22,-212.409,45597.181,473.511,43869.644,62.8,24518.136,76.752,24104.837,-275.209,21079.045,396.759,19764.807,98.38
2023/24,2024,52,2024-08-29,-227.961,45369.22,491.147,44360.791,-101.836,24416.3,199.45,24304.287,-126.125,20952.92,291.697,20056.504,97.88
2023/24,2024,53,2024-09-05,94.645,45463.865,149.266,44510.057,-0.104,24416.196,2.366,24306.653,94.749,21047.669,146.9,20203.404,98.09
2024/25,2025,1,2024-09-05,2427.839,14244.444,314.247,314.247,1072.163,4968.612,51.044,51.044,1355.676,9275.832,263.203,263.203,27.66
2024/25,2025,2,2024-09-12,1748.077,15992.521,446.205,760.452,973.943,5942.555,75.699,126.743,774.134,10049.966,370.506,633.709,31.06
2024/25,2025,3,2024-09-19,1437.735,17430.256,381.045,1141.497,869.736,6812.291,172.323,299.066,567.999,10617.965,208.722,842.431,33.85
2024/25,2025,4,2024-09-26,1443.535,18873.791,724.648,1866.145,725.724,7538.015,199.889,498.955,717.811,11335.776,524.759,1367.19,36.65
2024/25,2025,5,2024-10-03,1129.573,20003.364,1570.543,3436.688,583.395,8121.41,704.164,1203.119,546.178,11881.954,866.379,2233.569,38.85
2024/25,2025,6,2024-10-10,1702.727,21706.091,1852.697,5289.385,999.723,9121.133,1219.861,2422.98,703.004,12584.958,632.836,2866.405,42.15
2024/25,2025,7,2024-10-17,2087.467,23793.558,2382.243,7671.628,1289.191,10410.324,1804.991,4227.971,798.276,13383.234,577.252,3443.657,46.21
2024/25,2025,8,2024-10-24,2064.942,25858.5,2236.907,9908.535,714.971,11125.295,1529.572,5757.543,1349.971,14733.205,707.335,4150.992,50.22
2024/25,2025,9,2024-10-31,2037.193,27895.693,2424.179,12332.714,1222.742,12348.037,1650.481,7408.024,814.451,15547.656,773.698,4924.69,54.17
2024/25,2025,10,2024-11-07,1555.425,29451.118,2341.413,14674.127,1181.104,13529.141,1611.28,9019.304,374.321,15921.977,730.133,5654.823,57.19
2024/25,2025,11,2024-11-14,1785.554,31236.672,2372.847,17046.974,1196.964,14726.105,1507.734,10527.038,588.59,16510.567,865.113,6519.936,60.66
2024/25,2025,12,2024-11-21,2421.285,33657.957,2012.158,19059.132,1087.018,15813.123,967.512,11494.55,1334.267,17844.834,1044.646,7564.582,65.36
2024/25,2025,13,2024-11-28,2312.72,35970.677,2428.905,21488.037,669.665,16482.788,1246.308,12740.858,1643.055,19487.889,1182.597,8747.179,69.85
2024/25,2025,14,2024-12-05,1173.811,37144.488,1859.119,23347.156,704.977,17187.765,843.525,13584.383,468.834,19956.723,1015.594,9762.773,72.13
2024/25,2025,15,2024-12-12,1424.158,38568.646,1686.317,25033.473,648.241,17836.006,1041.611,14625.994,775.917,20732.64,644.706,10407.479,74.9
2024/25,2025,16,2024-12-19,978.351,39546.997,1573.186,26606.659,410.618,18246.624,681.972,15307.966,567.733,21300.373,891.214,11298.693,76.8
2024/25,2025,17,2024-12-26,484.679,40031.676,1704.121,28310.78,617.663,18864.287,751.916,16059.882,-132.984,21167.389,952.205,12250.898,77.74
2024/25,2025,18,2025-01-02,149.63,40181.306,1441.107,29751.887,171.773,19036.06,650.159,16710.041,-22.143,21145.246,790.948,13041.846,78.03
2024/25,2025,19,2025-01-09,501.293,40682.599,1407.966,31159.853,146.041,19182.101,416.756,17126.797,355.252,21500.498,991.21,14033.056,79.0
2024/25,2025,20,2025-01-16,1491.761,42174.36,1034.583,32194.436,888.643,20070.744,494.518,17621.315,603.118,22103.616,540.065,14573.121,81.9
2024/25,2025,21,2025-01-23,381.434,42555.794,679.633,32874.069,145.349,20216.093,150.607,17771.922,236.085,22339.701,529.026,15102.147,82.64
2024/25,2025,22,2025-01-30,330.18,42885.974,1135.837,34009.906,208.68,20424.773,347.885,18119.807,121.5,22461.201,787.952,15890.099,83.28
2024/25,2025,23,2025-02-06,116.849,43002.823,1032.758,35042.664,221.982,20646.755,552.144,18671.951,-105.133,22356.068,480.614,16370.713,83.51
2024/25,2025,24,2025-02-13,480.278,43483.101,740.986,35783.65,101.241,20747.996,221.371,18893.322,379.037,22735.105,519.615,16890.328,84.44
2024/25,2025,25,2025-02-20,410.878,43893.979,971.801,36755.451,202.248,20950.244,487.095,19380.417,208.63,22943.735,484.706,17375.034,85.24
2024/25,2025,26,2025-02-27,292.502,44186.481,732.401,37487.852,205.724,21155.968,336.575,19716.992,86.778,23030.513,395.826,17770.86,85.81
2024/25,2025,27,2025-03-06,693.633,44880.114,865.08,38352.932,208.299,21364.267,284.21,20001.202,485.334,23515.847,580.87,18351.73,87.15
2024/25,2025,28,2025-03-13,352.58,45232.694,592.114,38945.046,269.892,21634.159,409.393,20410.595,82.688,23598.535,182.721,18534.451,87.84
2024/25,2025,29,2025-03-20,338.469,45571.163,922.115,39867.161,202.346,21836.505,472.37,20882.965,136.123,23734.658,449.745,18984.196,88.5
2024/25,2025,30,2025-03-27,410.172,45981.335,841.913,40709.074,285.857,22122.362,640.916,21523.881,124.315,23858.973,200.997,19185.193,89.29
2024/25,2025,31,2025-04-03,172.324,46153.659,765.352,41474.426,141.28,22263.642,344.246,21868.127,31.044,23890.017,421.106,19606.299,89.63
2024/25,2025,32,2025-04-10,484.828,46638.487,651.906,42126.332,72.791,22336.433,204.023,22072.15,412.037,24302.054,447.883,20054.182,90.57
2024/25,2025,33,2025-04-17,211.213,46849.7,429.571,42555.903,1.785,22338.218,67.785,22139.935,209.428,24511.482,361.786,20415.968,90.98
2024/25,2025,34,2025-04-24,371.161,47220.861,530.239,43086.142,139.432,22477.65,205.466,22345.401,231.729,24743.211,324.773,20740.741,91.7
2024/25,2025,35,2025-05-01,376.653,47597.514,258.319,43344.461,2.1,22479.75,68.1,22413.501,374.553,25117.764,190.219,20930.96,92.43
2024/25,2025,36,2025-05-08,282.427,47879.941,429.918,43774.379,0.0,22479.75,0.0,22413.501,282.427,25400.191,429.918,21360.878,92.98
2024/25,2025,37,2025-05-15,307.939,48187.88,250.762,44025.141,0.0,22479.75,0.0,22413.501,307.939,25708.13,250.762,21611.64,93.58
2024/25,2025,38,2025-05-22,146.034,48333.914,209.318,44234.459,-0.192,22479.558,0.0,22413.501,146.226,25854.356,209.318,21820.958,93.86
2024/25,2025,39,2025-05-29,194.345,48528.259,308.57,44543.029,-1.058,22478.5,64.999,22478.5,195.403,26049.759,243.571,22064.529,94.24
2024/25,2025,40,2025-06-05,61.394,48589.653,453.353,44996.382,0.0,22478.5,0.0,22478.5,61.394,26111.153,453.353,22517.882,94.36
2024/25,2025,41,2025-06-12,481.23,49070.883,347.846,45344.228,0.0,22478.5,0.0,22478.5,481.23,26592.383,347.846,22865.728,95.29
2024/25,2025,42,2025-06-19,339.552,49410.435,202.233,45546.461,0.0,22478.5,0.0,22478.5,339.552,26931.935,202.233,23067.961,95.95
2024/25,2025,43,2025-06-26,462.435,49872.87,251.59,45798.051,0.0,22478.5,0.0,22478.5,462.435,27394.37,251.59,23319.551,96.85
2024/25,2025,44,2025-07-03,503.027,50375.897,395.872,46193.923,0.0,22478.5,0.0,22478.5,503.027,27897.397,395.872,23715.423,97.83
2024/25,2025,45,2025-07-10,271.85,50647.747,276.415,46470.338,0.0,22478.5,0.0,22478.5,271.85,28169.247,276.415,23991.838,98.35
2024/25,2025,46,2025-07-17,103.427,50751.174,303.251,46773.589,0.0,22478.5,0.0,22478.5,103.427,28272.674,303.251,24295.089,98.56
2024/25,2025,47,2025-07-24,273.564,51024.738,424.036,47197.625,0.0,22478.5,0.0,22478.5,273.564,28546.238,424.036,24719.125,99.09
2024/25,2025,48,2025-07-31,416.49,51441.228,638.157,47835.782,0.0,22478.5,0.0,22478.5,416.49,28962.728,638.157,25357.282,99.9
2024/25,2025,49,2025-08-07,-377.61,51063.618,533.127,48368.909,0.0,22478.5,0.0,22478.5,-377.61,28585.118,533.127,25890.409,99.16
2024/25,2025,50,2025-08-14,-59.07,51004.548,464.589,48833.498,0.0,22478.5,0.0,22478.5,-59.07,28526.048,464.589,26354.998,99.05
2024/25,2025,51,2025-08-21,-189.184,50815.364,408.784,49242.282,0.0,22478.5,0.0,22478.5,-189.184,28336.864,408.784,26763.782,98.68
2024/25,2025,52,2025-08-28,-23.775,50791.589,457.017,49699.299,0.0,22478.5,0.0,22478.5,-23.775,28313.089,457.017,27220.799,98.63
2024/25,2025,53,2025-09-04,81.366,50872.955,406.607,50105.906,67.849,22546.349,67.849,22546.349,13.517,28326.606,338.758,27559.557,98.79
2025/26,2026,1,2025-09-04,1308.082,9354.218,233.579,233.579,0.0,0.0,0.0,0.0,1308.082,9354.218,233.579,233.579,22.61
2025/26,2026,2,2025-09-11,853.933,10208.151,768.037,1001.616,0.0,0.0,0.0,0.0,853.933,10208.151,768.037,1001.616,24.68
2025/26,2026,3,2025-09-18,724.459,10932.61,512.379,1513.995,0.0,0.0,0.0,0.0,724.459,10932.61,512.379,1513.995,26.43
2025/26,2026,4,2025-09-25,812.197,11744.807,552.952,2066.947,0.0,0.0,0.0,0.0,812.197,11744.807,552.952,2066.947,28.39
2025/26,2026,5,2025-10-02,919.447,12664.254,720.462,2787.409,0.0,0.0,0.0,0.0,919.447,12664.254,720.462,2787.409,30.61
2025/26,2026,6,2025-10-09,785.003,13449.257,692.822,3480.231,0.0,0.0,0.0,0.0,785.003,13449.257,692.822,3480.231,32.51
2025/26,2026,7,2025-10-16,1048.832,14498.089,1670.875,5151.106,0.0,0.0,0.0,0.0,1048.832,14498.089,1670.875,5151.106,35.05
2025/26,2026,8,2025-10-23,1449.797,15947.886,1388.189,6539.295,0.0,0.0,0.0,0.0,1449.797,15947.886,1388.189,6539.295,38.55
2025/26,2026,9,2025-10-30,1248.494,17196.38,1028.469,7567.764,232.0,232.0,0.0,0.0,1016.494,16964.38,1028.469,7567.764,41.57
2025/26,2026,10,2025-11-06,451.154,17647.534,868.444,8436.208,232.0,464.0,0.0,0.0,219.154,17183.534,868.444,8436.208,42.66
2025/26,2026,11,2025-11-13,636.328,18283.862,1493.542,9929.75,-100.0,364.0,0.0,0.0,736.328,17919.862,1493.542,9929.75,44.2
2025/26,2026,12,2025-11-20,2320.691,20604.553,763.473,10693.223,2142.0,2506.0,0.0,0.0,178.691,18098.553,763.473,10693.223,49.81
2025/26,2026,13,2025-11-27,1047.766,21652.319,745.287,11438.51,509.0,3015.0,0.0,0.0,538.766,18637.319,745.287,11438.51,52.34
2025/26,2026,14,2025-12-04,1503.166,23155.485,1022.214,12460.724,1010.969,4025.969,70.969,70.969,492.197,19129.516,951.245,12389.755,55.97
2025/26,2026,15,2025-12-11,2328.409,25483.894,653.47,13114.194,1383.046,5409.015,202.046,273.015,945.363,20074.879,451.424,12841.179,61.6
2025/26,2026,16,2025-12-18,987.082,26470.976,850.87,13965.064,617.012,6026.027,386.012,659.027,370.07,20444.949,464.858,13306.037,63.99
2025/26,2026,17,2025-12-25,1177.745,27648.721,1219.977,15185.041,396.419,6422.446,135.419,794.446,781.326,21226.275,1084.558,14390.595,66.84
2025/26,2026,18,2026-01-01,877.914,28526.635,1112.605,16297.646,470.073,6892.519,397.073,1191.519,407.841,21634.116,715.532,15106.127,68.96
2025/26,2026,19,2026-01-08,1993.073,30519.708,1568.559,17866.205,1224.128,8116.647,901.128,2092.647,768.945,22403.061,667.431,15773.558,73.78
2025/26,2026,20,2026-01-15,2387.898,32907.606,1279.596,19145.801,1303.485,9420.132,593.485,2686.132,1084.413,23487.474,686.111,16459.669,79.55
2025/26,2026,21,2026-01-22,818.972,33726.578,1269.565,20415.366,233.46,9653.592,828.46,3514.592,585.512,24072.986,441.105,16900.774,81.53
2025/26,2026,22,2026-01-29,368.421,34094.999,1319.169,21734.535,233.02,9886.612,809.02,4323.612,135.401,24208.387,510.149,17410.923,82.42
2025/26,2026,23,2026-02-05,281.798,34376.797,1128.804,22863.339,286.115,10172.727,746.115,5069.727,-4.317,24204.07,382.689,17793.612,83.1
2025/26,2026,24,2026-02-12,798.216,35175.013,1290.615,24153.954,415.507,10588.234,751.507,5821.234,382.709,24586.779,539.108,18332.72,85.03
2025/26,2026,25,2026-02-19,407.086,35582.099,811.49,24965.444,75.531,10663.765,339.531,6160.765,331.555,24918.334,471.959,18804.679,86.01
2025/26,2026,26,2026-02-26,250.519,35832.618,986.56,25952.004,153.087,10816.852,669.086,6829.851,97.432,25015.766,317.474,19122.153,86.62
2025/26,2026,27,2026-03-05,456.74,36289.358,995.334,26947.338,83.086,10899.938,477.086,7306.937,373.654,25389.42,518.248,19640.401,87.72
2025/26,2026,28,2026-03-12,298.208,36587.566,906.546,27853.884,79.867,10979.805,545.867,7852.804,218.341,25607.761,360.679,20001.08,88.44
2025/26,2026,29,2026-03-19,668.901,37256.467,1344.226,29198.11,262.974,11242.779,664.975,8517.779,405.927,26013.688,679.251,20680.331,90.06
2025/26,2026,30,2026-03-26,353.259,37609.726,681.914,29880.024,141.023,11383.802,341.023,8858.802,212.236,26225.924,340.891,21021.222,90.92
2025/26,2026,31,2026-04-02,295.403,37905.129,635.966,30515.99,124.692,11508.494,430.692,9289.494,170.711,26396.635,205.274,21226.496,91.63
2025/26,2026,32,2026-04-09,247.886,38153.015,818.468,31334.458,15.819,11524.313,345.819,9635.313,232.067,26628.702,472.649,21699.145,92.23
2025/26,2026,33,2026-04-16,364.633,38517.648,768.051,32102.509,11.161,11535.474,446.161,10081.474,353.472,26982.174,321.89,22021.035,93.11
2025/26,2026,34,2026-04-23,258.066,38775.714,610.566,32713.075,199.213,11734.687,315.213,10396.687,58.853,27041.027,295.353,22316.388,93.73
2025/26,2026,35,2026-04-30,141.94,38917.654,530.785,33243.86,66.899,11801.586,200.899,10597.586,75.041,27116.068,329.886,22646.274,94.08
2025/26,2026,36,2026-05-07,102.059,39019.713,671.174,33915.034,68.641,11870.227,336.641,10934.227,33.418,27149.486,334.533,22980.807,94.32
2025/26,2026,37,2026-05-14,351.423,39371.136,528.785,34443.819,5.038,11875.265,272.038,11206.265,346.385,27495.871,256.747,23237.554,95.17
2025/26,2026,38,2026-05-21,299.899,39671.035,571.189,35015.008,4.312,11879.577,137.312,11343.577,295.587,27791.458,433.877,23671.431,95.9
2025/26,2026,39,2026-05-28,276.852,39947.887,569.25,35584.258,74.773,11954.35,208.773,11552.35,202.079,27993.537,360.477,24031.908,96.57
2025/26,2026,40,2026-06-04,211.292,40159.179,411.512,35995.77,2.086,11956.436,68.086,11620.436,209.206,28202.743,343.426,24375.334,97.08
2025/26,2026,41,2026-06-11,424.869,40584.048,552.431,36548.201,2.26,11958.696,136.26,11756.696,422.609,28625.352,416.171,24791.505,98.1
2025/26,2026,42,2026-06-18,455.405,41039.453,217.034,36765.235,1.509,11960.205,69.509,11826.205,453.896,29079.248,147.525,24939.03,99.21
2025/26,2026,43,2026-06-25,41.786,41081.239,388.026,37153.261,65.389,12025.594,65.389,11891.594,-23.603,29055.645,322.637,25261.667,99.31
2025/26,2026,44,2026-07-02,54.349,41135.588,574.878,37728.139,202.117,12227.711,268.117,12159.711,-147.768,28907.877,306.761,25568.428,99.44
2025/26,2026,45,2026-07-09,188.274,41323.862,453.887,38182.026,133.87,12361.581,65.87,12225.581,54.404,28962.281,388.017,25956.445,99.89
2025/26,2026,46,2026-07-16,56.351,41380.213,298.723,38480.749,70.628,12432.209,65.628,12291.209,-14.277,28948.004,233.095,26189.54,100.03
2025/26,2026,47,2026-07-23,302.26,41682.473,490.33,38971.079,0.0,12432.209,0.0,12291.209,302.26,29250.264,490.33,26679.87,100.76
2025/26,2026,48,2026-07-30,32.157,41714.63,346.012,39317.091,0.0,12432.209,0.0,12291.209,32.157,29282.421,346.012,27025.882,100.84
2025/26,2026,49,2026-08-06,75.119,41789.749,269.657,39586.748,65.936,12498.145,65.936,12357.145,9.183,29291.604,203.721,27229.603,101.02
2025/26,2026,50,2026-08-13,85.016,41874.765,405.145,39991.893,0.0,12498.145,0.0,12357.145,85.016,29376.62,405.145,27634.748,101.23
2025/26,2026,51,2026-08-20,73.913,41948.678,451.785,40443.678,0.0,12498.145,0.0,12357.145,73.913,29450.533,451.785,28086.533,101.4
2025/26,2026,52,2026-08-27,-94.181,41854.497,311.846,40755.524,0.0,12498.145,0.0,12357.145,-94.181,29356.352,311.846,28398.379,101.18
2025/26,2026,53,2026-09-03,-175.309,41679.188,250.983,41006.507,-136.0,12362.145,0.0,12357.145,-39.309,29317.043,250.983,28649.362,100.75
2026/27,2027,1,2026-09-03,2637.302,18929.437,180.613,180.613,1222.0,8983.0,0.0,0.0,1415.302,9946.437,180.613,180.613,41.28
2026/27,2027,2,2026-09-10,1690.438,20619.875,611.173,791.786,875.25,9858.25,328.25,328.25,815.188,10761.625,282.923,463.536,44.96
2026/27,2027,3,2026-09-17,582.432,21202.307,775.392,1567.178,311.792,10170.042,446.792,775.042,270.64,11032.265,328.6,792.136,46.23
2026/27,2027,4,2026-09-24,1033.545,22235.852,988.0,2555.178,589.385,10759.427,735.385,1510.427,444.16,11476.425,252.615,1044.751,48.49
2026/27,2027,5,2026-10-01,549.377,22785.229,1379.657,3934.835,382.901,11142.328,827.901,2338.328,166.476,11642.901,551.756,1596.507,49.69
