month,oni
2000-01,-1.66
2000-02,-1.41
2000-03,-1.07
2000-04,-0.81
2000-05,-0.71
2000-06,-0.64
2000-07,-0.55
2000-08,-0.51
2000-09,-0.55
2000-10,-0.63
2000-11,-0.75
2000-12,-0.74
2001-01,-0.68
2001-02,-0.52
2001-03,-0.44
2001-04,-0.34
2001-05,-0.25
2001-06,-0.12
2001-07,-0.08
2001-08,-0.13
2001-09,-0.19
2001-10,-0.29
2001-11,-0.35
2001-12,-0.31
2002-01,-0.15
2002-02,0.03
2002-03,0.09
2002-04,0.2
2002-05,0.43
2002-06,0.65
2002-07,0.79
2002-08,0.86
2002-09,1.01
2002-10,1.21
2002-11,1.31
2002-12,1.14
2003-01,0.92
2003-02,0.63
2003-03,0.38
2003-04,-0.04
2003-05,-0.26
2003-06,-0.16
2003-07,0.08
2003-08,0.21
2003-09,0.26
2003-10,0.29
2003-11,0.35
2003-12,0.35
2004-01,0.37
2004-02,0.31
2004-03,0.23
2004-04,0.17
2004-05,0.17
2004-06,0.28
2004-07,0.47
2004-08,0.64
2004-09,0.7
2004-10,0.67
2004-11,0.66
2004-12,0.69
2005-01,0.64
2005-02,0.58
2005-03,0.45
2005-04,0.43
2005-05,0.29
2005-06,0.11
2005-07,-0.06
2005-08,-0.14
2005-09,-0.11
2005-10,-0.29
2005-11,-0.57
2005-12,-0.84
2006-01,-0.85
2006-02,-0.77
2006-03,-0.57
2006-04,-0.37
2006-05,-0.14
2006-06,-0.03
2006-07,0.1
2006-08,0.3
2006-09,0.54
2006-10,0.77
2006-11,0.94
2006-12,0.94
2007-01,0.66
2007-02,0.22
2007-03,-0.12
2007-04,-0.32
2007-05,-0.38
2007-06,-0.47
2007-07,-0.56
2007-08,-0.81
2007-09,-1.07
2007-10,-1.34
2007-11,-1.5
2007-12,-1.6
2008-01,-1.64
2008-02,-1.52
2008-03,-1.29
2008-04,-1.01
2008-05,-0.84
2008-06,-0.61
2008-07,-0.37
2008-08,-0.23
2008-09,-0.24
2008-10,-0.35
2008-11,-0.55
2008-12,-0.73
2009-01,-0.85
2009-02,-0.79
2009-03,-0.61
2009-04,-0.33
2009-05,0.01
2009-06,0.28
2009-07,0.45
2009-08,0.58
2009-09,0.71
2009-10,1.01
2009-11,1.36
2009-12,1.56
2010-01,1.5
2010-02,1.22
2010-03,0.84
2010-04,0.35
2010-05,-0.17
2010-06,-0.66
2010-07,-1.05
2010-08,-1.35
2010-09,-1.56
2010-10,-1.64
2010-11,-1.64
2010-12,-1.54
2011-01,-1.31
2011-02,-1.04
2011-03,-0.8
2011-04,-0.62
2011-05,-0.46
2011-06,-0.37
2011-07,-0.43
2011-08,-0.58
2011-09,-0.79
2011-10,-0.96
2011-11,-1.02
2011-12,-0.92
2012-01,-0.72
2012-02,-0.57
2012-03,-0.46
2012-04,-0.36
2012-05,-0.17
2012-06,0.06
2012-07,0.3
2012-08,0.41
2012-09,0.41
2012-10,0.31
2012-11,0.13
2012-12,-0.1
2013-01,-0.29
2013-02,-0.29
2013-03,-0.21
2013-04,-0.19
2013-05,-0.27
2013-06,-0.34
2013-07,-0.35
2013-08,-0.28
2013-09,-0.21
2013-10,-0.13
2013-11,-0.1
2013-12,-0.15
2014-01,-0.28
2014-02,-0.32
2014-03,-0.14
2014-04,0.15
2014-05,0.31
2014-06,0.23
2014-07,0.1
2014-08,0.11
2014-09,0.28
2014-10,0.54
2014-11,0.71
2014-12,0.77
2015-01,0.69
2015-02,0.61
2015-03,0.65
2015-04,0.81
2015-05,1.02
2015-06,1.25
2015-07,1.57
2015-08,1.91
2015-09,2.21
2015-10,2.47
2015-11,2.64
2015-12,2.75
2016-01,2.63
2016-02,2.28
2016-03,1.71
2016-04,1.05
2016-05,0.49
2016-06,0.0
2016-07,-0.31
2016-08,-0.5
2016-09,-0.58
2016-10,-0.64
2016-11,-0.6
2016-12,-0.45
2017-01,-0.19
2017-02,-0.02
2017-03,0.18
2017-04,0.31
2017-05,0.4
2017-06,0.39
2017-07,0.19
2017-08,-0.07
2017-09,-0.34
2017-10,-0.6
2017-11,-0.77
2017-12,-0.86
2018-01,-0.77
2018-02,-0.71
2018-03,-0.57
2018-04,-0.39
2018-05,-0.13
2018-06,0.06
2018-07,0.14
2018-08,0.27
2018-09,0.53
2018-10,0.81
2018-11,0.97
2018-12,0.92
2019-01,0.89
2019-02,0.86
2019-03,0.84
2019-04,0.77
2019-05,0.64
2019-06,0.52
2019-07,0.33
2019-08,0.19
2019-09,0.23
2019-10,0.39
2019-11,0.58
2019-12,0.66
2020-01,0.64
2020-02,0.63
2020-03,0.53
2020-04,0.3
2020-05,0.01
2020-06,-0.23
2020-07,-0.36
2020-08,-0.53
2020-09,-0.85
2020-10,-1.12
2020-11,-1.2
2020-12,-1.08
2021-01,-0.91
2021-02,-0.79
2021-03,-0.71
2021-04,-0.55
2021-05,-0.39
2021-06,-0.3
2021-07,-0.35
2021-08,-0.45
2021-09,-0.63
2021-10,-0.76
2021-11,-0.91
2021-12,-0.87
2022-01,-0.82
2022-02,-0.79
2022-03,-0.86
2022-04,-0.95
2022-05,-0.9
2022-06,-0.78
2022-07,-0.76
2022-08,-0.87
2022-09,-0.97
2022-10,-0.94
2022-11,-0.85
2022-12,-0.71
2023-01,-0.54
2023-02,-0.29
2023-03,-0.02
2023-04,0.27
2023-05,0.57
2023-06,0.84
2023-07,1.12
2023-08,1.37
2023-09,1.6
2023-10,1.83
2023-11,1.99
2023-12,2.06
2024-01,1.92
2024-02,1.62
2024-03,1.26
2024-04,0.82
2024-05,0.49
2024-06,0.22
2024-07,0.08
2024-08,-0.07
2024-09,-0.17
2024-10,-0.21
2024-11,-0.3
2024-12,-0.42
2025-01,-0.45
2025-02,-0.24
2025-03,-0.06
2025-04,0.02
2025-05,-0.02
2025-06,-0.04
2025-07,-0.11
2025-08,-0.26
2025-09,-0.43
2025-10,-0.57
2025-11,-0.61
2025-12,-0.6
2026-01,-0.39
2026-02,-0.21
2026-03,0.11
2026-04,0.46
2026-05,0.95
2026-06,1.39
2026-07,1.8
2026-08,2.16
