my_code,my_label,country,area_planted,area_harvested,yield_t_ha,production,crush,imports,exports,ending_stocks
2015,2015/16,中国,,6827,1.8115,12367,81500,83230,114,16643
2016,2016/17,中国,,7599,1.7892,13596,88000,93495,114,20120
2017,2017/18,中国,,8245,1.8536,15283,90000,94093,134,22562
2018,2018/19,中国,,8413,1.8979,15967,85000,82537,116,18350
2019,2019/20,中国,,9332,1.9387,18092,91500,98532,90,24484
2020,2020/21,中国,,9883,1.9834,19602,95000,99740,70,28856
2021,2021/22,中国,,8415,1.9483,16395,90000,90297,102,25146
2022,2022/23,中国,,10244,1.9801,20284,96000,104500,89,32341
2023,2023/24,中国,,10470,1.9904,20840,99000,112000,70,43311
2024,2024/25,中国,,10333,1.9985,20650,103500,108000,72,44489
2025,2025/26,中国,,10300,2.0291,20900,109000,113000,130,44359
2026,2026/27,中国,,10300,2.0388,21000,111000,115000,100,44259
2015,2015/16,全球,,120877,2.6148,316072,275760,134044,132837,79694
2016,2016/17,全球,,120550,2.91,350805,288383,145002,147736,95632
2017,2017/18,全球,,125189,2.7449,343632,295651,154165,153403,99744
2018,2018/19,全球,,126050,2.8834,363451,299126,145923,149222,114250
2019,2019/20,全球,,124173,2.752,341728,312652,165318,165823,95214
2020,2020/21,全球,,130226,2.8383,369626,318161,166309,165176,98839
2021,2021/22,全球,,131613,2.7401,360631,316468,154767,154421,93698
2022,2022/23,全球,,137225,2.7561,378210,315767,168501,171761,101838
2023,2023/24,全球,,140658,2.8185,396448,331245,178499,177845,115096
2024,2024/25,全球,,146128,2.9297,428112,359161,179145,184330,125945
2025,2025/26,全球,,142737,3.0084,429408,374307,187775,187225,125267
2026,2026/27,全球,,146459,3.0203,442345,385224,190423,191578,124015
2015,2015/16,巴西,,33300,2.8739,95700,39747,410,54383,23803
2016,2016/17,巴西,,33900,3.3894,114900,40411,252,63137,32632
2017,2017/18,巴西,,35150,3.5107,123400,44205,175,76136,33031
2018,2018/19,巴西,,35900,3.3565,120500,42527,140,74887,33357
2019,2019/20,巴西,,37400,3.4358,128500,46742,549,92135,20429
2020,2020/21,巴西,,39800,3.505,139500,46675,1015,81650,29419
2021,2021/22,巴西,,41800,3.122,130500,50767,539,79063,27378
2022,2022/23,巴西,,44600,3.6323,162000,53409,154,95504,36819
2023,2023/24,巴西,,46150,3.3478,154500,54405,867,104170,29761
2024,2024/25,巴西,,47400,3.6392,172500,58162,731,103142,37688
2025,2025/26,巴西,,48500,3.7216,180500,62000,900,115000,37688
2026,2026/27,巴西,,50000,3.72,186000,65000,800,118000,36888
2015,2015/16,美国,,33080,3.2306,106869,51335,641,52869,5354
2016,2016/17,美国,,33470,3.4936,116931,51742,606,58964,8208
2017,2017/18,美国,,36236,3.3134,120065,55926,594,58071,11923
2018,2018/19,美国,,35448,3.3998,120515,56935,383,47721,25176
2019,2019/20,美国,,30318,3.1877,96644,58910,419,45800,14657
2020,2020/21,美国,,33428,3.4327,114749,58257,539,61664,6994
2021,2021/22,美国,,34921,3.4794,121504,59980,433,58570,7468
2022,2022/23,美国,,34873,3.3327,116221,60199,667,53864,7190
2023,2023/24,美国,,33294,3.4022,113273,62196,567,46350,9319
2024,2024/25,美国,,34887,3.4124,119047,66546,806,51495,8840
2025,2025/26,美国,,32552,3.5632,115989,72257,680,41368,8845
2026,2026/27,美国,,34755,3.5512,123422,75659,680,45858,8432
2015,2015/16,阿根廷,,19350,3.0388,58800,43267,676,9922,27156
2016,2016/17,阿根廷,,17335,3.1728,55000,43309,1674,7025,26996
2017,2017/18,阿根廷,,16300,2.319,37800,36933,4703,2132,23734
2018,2018/19,阿根廷,,16600,3.3313,55300,40567,6408,9104,28871
2019,2019/20,阿根廷,,16700,2.9222,48800,38770,4882,10004,26529
2020,2020/21,阿根廷,,16470,2.8051,46200,40162,4816,5195,24838
2021,2021/22,阿根廷,,15900,2.761,43900,38800,3839,2861,23716
2022,2022/23,阿根廷,,14400,1.7361,25000,30341,9059,4185,16999
2023,2023/24,阿根廷,,16370,2.945,48210,36583,7787,5114,24049
2024,2024/25,阿根廷,,17455,2.928,51108,43236,6324,7874,24671
2025,2025/26,阿根廷,,16200,3.0556,49500,42000,7300,9000,24071
2026,2026/27,阿根廷,,17100,2.924,50000,43000,6500,6450,24471
