month,crush_tons,oil_1000lb,meal_tons,meal_stock_tons,oil_stock_1000lb
2018-11,5343053,2060563,3889342,294996,1582363
2018-12,5507266,2133570,4011947,394334,1601384
2019-01,5486127,2113999,3984137,480114,1659115
2019-02,4883434,1899196,3583222,263515,1762965
2019-03,5383008,2094418,3926558,465159,1893918
2019-04,5146689,1989239,3763753,337375,1893098
2019-05,4957936,1914378,3656196,276208,1662372
2019-06,4729137,1811481,3453178,376025,1554584
2019-07,5385598,2090179,3918708,344235,1652747
2019-08,5325880,2049888,3880500,384976,1439479
2019-09,4870034,1900668,3553484,360387,1400569
2019-10,5615616,2149969,4105453,335183,1471929
2019-11,5239452,1999648,3855827,426332,1522923
2019-12,5542274,2110936,4062929,342085,1709323
2020-01,5663403,2154427,4144355,302321,1989164
2020-02,5258777,1999524,3863475,396511,1996747
2020-03,5764867,2201068,4234605,368552,1933648
2020-04,5501825,2099465,4039265,341681,2224007
2020-05,5386534,2057617,3970047,442173,2048992
2020-06,5318419,2035269,3904725,420426,1925583
2020-07,5535196,2122460,4080746,411925,1776380
2020-08,5240234,2012699,3852687,388926,1593419
2020-09,5131665,1967621,3754168,312944,1503344
2020-10,5897079,2282471,4335054,342914,1564319
2020-11,5731207,2206792,4230274,415107,1685131
2020-12,5812997,2231718,4269964,358134,1808138
2021-01,5895360,2308752,4353068,512393,1882069
2021-02,4930499,1929799,3652574,544178,1870825
2021-03,5646728,2222123,4181300,415418,1864100
2021-04,5095631,1991877,3773943,417603,1814888
2021-05,5205032,2043058,3849675,592860,1720633
2021-06,4852334,1908649,3579777,390755,1682187
2021-07,4990975,1973245,3699438,442230,1671632
2021-08,5047776,1989733,3728116,344741,1753388
2021-09,4924574,1938212,3604266,306923,1741589
2021-10,5908157,2347580,4284256,363969,1960220
2021-11,5714855,2248216,4175218,356975,1959133
2021-12,5947222,2324183,4322245,372832,2035694
2022-01,5828974,2277355,4231017,396462,2113724
2022-02,5232453,2064199,3817784,347160,2172311
2022-03,5786159,2277541,4249054,347191,2084253
2022-04,5426712,2143118,3975098,406867,2018976
2022-05,5427160,2158774,3978135,414543,1967553
2022-06,5222412,2068578,3837474,324073,1911685
2022-07,5440043,2157970,3984830,476698,1827156
2022-08,5251903,2090369,3864302,309988,1690180
2022-09,5028287,1992964,3666107,276973,1591585
2022-10,5899694,2338085,4325878,352206,1640326
2022-11,5684492,2198182,4189316,319089,1672891
2022-12,5622561,2195358,4154614,415593,1902380
2023-01,5734398,2252312,4254599,397638,1898892
2023-02,5306995,2091218,3934588,430341,1900578
2023-03,5939012,2339581,4402548,324292,1946997
2023-04,5609607,2236301,4162406,521814,2078543
2023-05,5679096,2228372,4182704,388763,1924950
2023-06,5236516,2074857,3886684,331209,1770166
2023-07,5544583,2179368,4083654,419848,1707235
2023-08,5069870,2014153,3767064,280335,1353202
2023-09,5242931,2077074,3843681,327574,1184515
2023-10,6041685,2375654,4442466,291071,1081714
2023-11,6002708,2324668,4399878,260052,1162011
2023-12,6128558,2376237,4503856,451979,1356410
2024-01,5844947,2288572,4302189,307587,1543631
2024-02,5817974,2292360,4267778,278195,1686635
2024-03,6111759,2405571,4489841,495337,1872183
2024-04,5332051,2097756,3943286,287066,1856452
2024-05,5759617,2271018,4231975,309446,1732564
2024-06,5510461,2183615,4055237,432648,1680770
2024-07,5803654,2304785,4270716,396929,1500059
2024-08,5026648,1991846,3705121,318493,1207718
2024-09,5595095,2221349,4092457,413414,1070102
2024-10,6473504,2569453,4771514,303430,1036135
2024-11,6301225,2489941,4662626,463019,1147492
2024-12,6531043,2572622,4826261,414192,1194933
2025-01,6376635,2526657,4712365,426330,1611741
2025-02,5670940,2238850,4195252,436274,1477671
2025-03,6197177,2473121,4605680,378839,1550943
2025-04,6071540,2402879,4508938,390343,1527390
2025-05,6111115,2415507,4522401,406557,1406376
2025-06,5914118,2351509,4391845,411881,1443746
2025-07,6142743,2431811,4545394,353131,1455916
2025-08,5941050,2354546,4411202,416986,1336863
2025-10,7111762,2829270,5204066,346329,1352645
2025-11,6615176,2532284,4880779,462916,1696667
2025-12,6895963,2657399,5107259,350839,1716121
2026-01,6835755,2625882,5059684,404769,1921431
2026-02,6426352,2478751,4752577,418594,2106781
2026-03,6821556,2637239,5077045,401567,1979984
2026-04,6553504,2532681,4854362,347686,1999368
2026-05,6393408,2468232,4735529,437290,1844127
2026-06,6534388,2532999,4848989,433277,1676203
2026-07,6657663,2573258,4922953,366931,1498084
2026-08,6289327,2447917,4605470,452530,1279090
